dataset,drug,baseline,PseudoR2_difference_ci_lower,PseudoR2_difference_ci_upper,PseudoR2_dips_better_fraction,R2_difference_ci_lower,R2_difference_ci_upper,R2_dips_better_fraction,RMSE_difference_ci_lower,RMSE_difference_ci_upper,RMSE_dips_better_fraction
INI,CAB,ElasticNet,0.033173266557704695,72.81026116750361,0.9905,0.058682216053833614,31.109489396405344,0.991,0.7258671090830506,9.016152111424132,0.991
INI,CAB,Lasso,0.009079807891726336,72.98128774543584,0.987,0.036175147974338295,32.867053801069616,0.9945,0.6107372127698145,9.368094115980872,0.9945
INI,CAB,MLP,-2.7144218917677936,0.12195347078281926,0.4655,-3.662555356773197,0.1608450485625283,0.717,-2.602489127817556,2.609628686666003,0.717
INI,CAB,PoissonGLM,-0.23209335644986684,0.036995904800042896,0.1115,-0.4202159371785048,0.013050520374180256,0.0695,-0.5321147011677225,0.031248902700761416,0.0695
INI,CAB,RBF-SVR,-2.4420215191703027,0.7288348626337439,0.8025,-3.4158747902874573,0.6772643404459561,0.7975,-2.3742141509775343,7.788758312415638,0.7975
INI,CAB,RandomForest,-2.6619326665142093,0.15262251362444912,0.117,-3.627892475281814,0.25111759885105733,0.077,-2.6664653947089425,0.5453706566913048,0.077
INI,CAB,Ridge,0.011255221803006654,72.83000301109331,0.987,0.03965235785823551,31.70749029522112,0.9945,0.6757713835334798,9.141215182597382,0.9945
INI,RAL,ElasticNet,0.0819208012806256,0.49282998574156955,0.9985,-1.1231695354552782,0.29670028474481147,0.3575,-21.785122613317707,7.171753126280869,0.3575
INI,RAL,Lasso,0.09594126557768952,0.5140219178478309,0.9985,-1.1361136245572176,0.33231644286503753,0.3505,-22.115115262008107,7.7306016401213595,0.3505
INI,RAL,MLP,0.06661466880274353,0.4238848514844793,0.996,-1.1125650419127533,0.236976900723829,0.31,-21.39252973069077,6.509155850637281,0.31
INI,RAL,PoissonGLM,-0.10601923323322554,0.07879148565427699,0.437,-1.063943604006341,0.10691093242446317,0.2105,-19.269288810429735,3.4388655145773592,0.2105
INI,RAL,RBF-SVR,0.08195473648471108,0.4272253768792785,0.999,-1.0309475162731871,0.3908337462347261,0.368,-18.66037594378999,9.414806457347714,0.368
INI,RAL,RandomForest,-0.20002093975505314,-0.013023286279599647,0.0085,-1.3100824011326253,-0.009186933974319756,0.015,-28.250283780684935,-0.34594566555999384,0.015
INI,RAL,Ridge,0.12111203931244414,0.561571199976117,1.0,-1.0632974770111747,0.5006392109572262,0.3725,-20.450245756572283,10.64836436920556,0.3725
INI,DTG,ElasticNet,0.32716932476090427,27.863636779736428,1.0,-0.007023824110922652,26.392037001295783,0.956,-0.05563502630477388,3.0889887848622313,0.956
INI,DTG,Lasso,0.3522919043244494,30.844683021591397,1.0,-0.011102890496489258,22.727275511753614,0.929,-0.0878803622010766,2.8912132898208203,0.929
INI,DTG,MLP,0.17588147007113486,17.257926426878967,1.0,0.030244157335331326,43.483631789421764,0.997,0.23433418169993306,4.416636212726586,0.997
INI,DTG,PoissonGLM,-0.026607655878508638,0.9948163128368813,0.7045,-0.025236322336766044,3.127595861219939,0.5805,-0.1906315662577395,1.102507136075674,0.5805
INI,DTG,RBF-SVR,0.20519403296250405,3.9271182242453313,1.0,-0.09168190708265751,0.6460250186701014,0.9,-0.14194075507607856,1.2578817111104514,0.9
INI,DTG,RandomForest,-0.15744890775078177,2.4190112554477783,0.4155,-0.15645763530712323,10.991149885159142,0.3635,-1.5578169059161027,1.7052899864886975,0.3635
INI,DTG,Ridge,0.27267254062026686,25.499635295354583,1.0,0.0061316057092083215,48.83616269366256,0.9805,0.0434918700947324,5.068502354523884,0.9805
INI,EVG,ElasticNet,0.06412771514640096,0.576829914208089,0.9945,-0.19532538885831394,0.28974335014409003,0.531,-6.45774192338836,6.875647237862131,0.531
INI,EVG,Lasso,0.07979410134531781,0.6145870580691936,0.995,-0.1964688003204448,0.29567081829948877,0.5285,-6.4196276828513055,6.934210118933942,0.5285
INI,EVG,MLP,0.1238371577067409,0.5601950658261786,0.999,-0.038550170120329866,0.18719095773902336,0.883,-1.1920094979249076,4.233894032676118,0.883
INI,EVG,PoissonGLM,-0.0949950093362507,0.23971287377936235,0.791,-0.034541231681082835,0.20997540859281563,0.911,-1.086266503813523,5.145645343430761,0.911
INI,EVG,RBF-SVR,0.05296424895162924,0.34763828377616895,0.9945,-0.010248221599164421,0.1657311968984484,0.953,-0.2990603680647359,3.6524094618673746,0.953
INI,EVG,RandomForest,-0.21898704916216666,0.05118297076071952,0.1165,-0.2576661573460806,0.12198515872078626,0.2035,-9.305813807698442,3.4454847383366918,0.2035
INI,EVG,Ridge,0.10932908281528551,0.6648394111888,0.9955,-0.1343356812061412,0.402108883044122,0.7355,-4.405862095024144,8.372061420421465,0.7355
INI,BIC,ElasticNet,0.4412542816726849,16.653080347972775,1.0,0.05517471690396819,2.9675827011602305,1.0,0.1565710258809118,0.5970411034096904,1.0
INI,BIC,Lasso,0.19000400124722605,13.421249935737176,1.0,0.04009460440213742,2.5810904434947877,0.999,0.10814860754584729,0.551277380775239,0.999
INI,BIC,MLP,0.5852015361002941,13.650706932913254,1.0,0.09853537714563958,5.21486253745778,1.0,0.2631877054678399,1.087220170780039,1.0
INI,BIC,PoissonGLM,-0.29915319608112745,0.1981542047429132,0.579,-0.19189325209365785,0.3108578441743174,0.826,-0.08343386419502787,0.2367989697096774,0.826
INI,BIC,RBF-SVR,-0.9475338373661553,0.4453095476509036,0.658,-1.4260343913047568,0.5438450048736301,0.679,-0.5217101350762032,1.4579500423283314,0.679
INI,BIC,RandomForest,0.45547475354110023,2.7964911856405745,1.0,0.4651172849461055,5.189234153957942,1.0,0.48282293028753265,1.3819376562549508,1.0
INI,BIC,Ridge,0.7236539525133359,19.241931351583318,1.0,0.08116946520442773,8.584900452778612,1.0,0.24601022103442674,1.5558863960743703,1.0
NRTI,TDF,ElasticNet,0.34602409286788743,2.2138044107795407,1.0,-0.12617052354514935,0.30598687082170395,0.867,-0.10484723679238508,0.36248889230075987,0.867
NRTI,TDF,Lasso,0.18589302431888913,1.3614327802991943,1.0,-0.1643734529083131,0.28452500666350694,0.8185,-0.12525884357293135,0.38301110212567946,0.8185
NRTI,TDF,MLP,1.2470834363769503,7.146676951570978,1.0,0.13354799016910823,0.6778806321039205,0.9965,0.10561250534268234,0.6149649770899455,0.9965
NRTI,TDF,PoissonGLM,-0.08129344198255034,0.2251202629482337,0.853,-0.2209709338094614,0.2577222022220572,0.693,-0.18157108780786024,0.28395901693252307,0.693
NRTI,TDF,RBF-SVR,-0.12146281019471138,0.26294807438762,0.852,-0.32312560472552077,0.3468101962408828,0.7485,-0.23491372567828844,0.49247202954446223,0.7485
NRTI,TDF,RandomForest,-0.16466469711207063,0.12018999705978875,0.568,-0.28892369631154435,0.21875035655760108,0.648,-0.20755637399811525,0.33140308011920827,0.648
NRTI,TDF,Ridge,1.2957673800373934,5.490361985790495,1.0,0.17890921131758095,1.1830599937297934,0.9995,0.19072992731754088,0.7668849193007077,0.9995
NRTI,3TC,ElasticNet,-0.06550101041658933,0.04581564363825587,0.496,-0.019857216112825142,0.012464368320132903,0.5445,-2.060216373561946,2.5648085467662223,0.5445
NRTI,3TC,Lasso,-0.06804534867696539,0.0422571980223514,0.4335,-0.020403147305451744,0.00970822153276552,0.45,-2.1575549891219965,2.065213520400005,0.45
NRTI,3TC,MLP,0.06785551108881958,0.2115588757233002,1.0,0.04006801266360316,0.13865332022988863,1.0,3.6667883642858046,13.755614426168766,1.0
NRTI,3TC,PoissonGLM,-0.01636528555261179,0.03071291800735082,0.8305,0.020298652683301922,0.06742798794554362,1.0,2.0824568565457944,8.3807953652746,1.0
NRTI,3TC,RBF-SVR,0.08758138510189165,0.24998755269006934,1.0,0.10065985592398237,0.21954662314774026,1.0,7.834047820676145,18.214207834700144,1.0
NRTI,3TC,RandomForest,-0.11652769422805032,-0.013007230563947461,0.0,-0.04770325516897345,0.005009204019215185,0.2655,-6.497383214560085,1.0944024129733017,0.2655
NRTI,3TC,Ridge,-0.058855947404825845,0.052208285648870596,0.5725,-0.01584326362708762,0.02254698479255455,0.7625,-1.5456162397543933,3.931930831668161,0.7625
NRTI,AZT,ElasticNet,-0.05012127940120033,0.22145051897984738,0.926,-1.666995154389737,0.1858241647914521,0.3555,-24.985515375149454,4.668463434851825,0.3555
NRTI,AZT,Lasso,-0.047806137082164996,0.22695920495556662,0.9305,-1.6774905514780487,0.17253867843377088,0.3535,-25.01418609022695,4.359467454504415,0.3535
NRTI,AZT,MLP,0.037677072760930005,0.4971948830934688,0.99,-1.6960415577561732,0.22215442455516626,0.3535,-25.789335991512903,5.531423137706196,0.3535
NRTI,AZT,PoissonGLM,-0.04802169062748802,0.21888884758531374,0.912,-0.9307088049402379,1.3654337405864738,0.738,-12.86941166249866,24.932780283945124,0.738
NRTI,AZT,RBF-SVR,0.08660660901952098,1.501277552284398,0.9935,-1.6664393498088985,0.22736188774060437,0.359,-25.386276131558205,5.723212834700016,0.359
NRTI,AZT,RandomForest,-0.19302576327928547,0.04704161675564893,0.2335,-1.80330394915488,0.03654640418571334,0.0945,-28.668121541697797,0.9247661824508372,0.0945
NRTI,AZT,Ridge,-0.025867035679416426,0.24812078002153123,0.9535,-1.6278243912812353,0.20884316491596103,0.357,-24.267076927161046,5.18314287554534,0.357
NRTI,D4T,ElasticNet,0.2006122008303301,4.8730731840360795,1.0,-0.03058004656814261,0.7166396971095407,0.389,-0.19751923600252322,0.6904947673936684,0.389
NRTI,D4T,Lasso,0.047609523064158776,2.2946727449207955,0.997,-0.15035003805061709,0.29726632229452576,0.2575,-0.21103043372138056,0.34437682317921625,0.2575
NRTI,D4T,MLP,0.185334365605719,3.8588820925046754,1.0,-0.005660014720694479,1.1217099650949796,0.897,-0.033239688874230074,0.9225783422652736,0.897
NRTI,D4T,PoissonGLM,-0.07128940665235228,0.15606504499175625,0.8615,-0.2859252114235808,0.10538146769565176,0.738,-0.3481127075533303,0.24712426150316286,0.738
NRTI,D4T,RBF-SVR,0.09127757721606922,0.3931580119677331,0.999,-0.17628859733610006,0.29149406822333673,0.8695,-0.19739807653916305,0.3079608086592999,0.8695
NRTI,D4T,RandomForest,-0.16388945319549802,0.30403927923449703,0.658,-0.4191285824861246,0.06098218608516441,0.6435,-0.5582678216165707,0.3860223781801926,0.6435
NRTI,D4T,Ridge,0.32009514357481805,6.7693683398288735,1.0,-0.026493346716116944,1.9169787432017509,0.71,-0.17847431853699022,1.3651173433147599,0.71
NRTI,ABC,ElasticNet,0.0783864958870189,0.39561101098607315,1.0,-0.13425819569303496,0.11089302658016559,0.591,-0.3317103436612591,0.3109838596969266,0.591
NRTI,ABC,Lasso,0.03899562687982313,0.31693606750209646,0.995,-0.1455906619739729,0.10572343527022117,0.552,-0.3580879767121164,0.2975136944849149,0.552
NRTI,ABC,MLP,0.37506334454463014,1.3397689034027307,1.0,-0.033760289123443726,0.2763751398808301,0.946,-0.0880425331948193,0.7099568232963882,0.946
NRTI,ABC,PoissonGLM,-0.061844926520377555,0.17522662091101063,0.799,-0.22415001805607854,0.10620125813251904,0.4095,-0.5775343895399421,0.3124248601437636,0.4095
NRTI,ABC,RBF-SVR,0.11000058255055442,0.5428312049573658,1.0,-0.21622095175898925,0.09756494146092447,0.2885,-0.5436348043178094,0.2749530146952461,0.2885
NRTI,ABC,RandomForest,-0.1456982468102265,0.035953846132885846,0.1445,-0.2701638115685843,0.1011727950612041,0.2665,-0.7297764934562128,0.27294545052378105,0.2665
NRTI,ABC,Ridge,0.7781357464082576,2.231184495887792,1.0,0.0025280728775623294,0.2934676493258257,0.9785,0.006521126915777855,0.6971337194541543,0.9785
NRTI,DDI,ElasticNet,0.09684048029202352,0.49199231334030386,1.0,0.05105832167960856,0.3670189913647522,1.0,0.11057508592097524,0.914110769693033,1.0
NRTI,DDI,Lasso,0.08475225536091598,0.40158594263069913,1.0,0.04701046846980361,0.3303841240746817,1.0,0.10228470157974628,0.9199982591757858,1.0
NRTI,DDI,MLP,0.14057481981276082,1.817956363474128,1.0,0.10703148517333809,2.1660625166916416,1.0,0.20631284897424376,1.1830020618394255,1.0
NRTI,DDI,PoissonGLM,0.02335063861784671,0.23155621397436735,0.991,0.037761872783153266,0.23007216453821802,0.996,0.05039990239805977,0.6435387883315201,0.996
NRTI,DDI,RBF-SVR,0.07225963022497323,0.37909435407189124,1.0,0.03376259823412928,0.3589632581880568,0.9995,0.07140007341422494,0.8933194476421918,0.9995
NRTI,DDI,RandomForest,-0.0958806439504616,0.10075589253533768,0.8415,-0.0381884427795058,0.11514378240205596,0.9575,-0.02614331491461152,0.8877070669329213,0.9575
NRTI,DDI,Ridge,0.33402809367620356,7.972769322252608,1.0,0.12419738487532717,1.6785265300087124,1.0,0.41797346906235394,0.9902282432303903,1.0
PI,TPV,ElasticNet,0.22042285983171953,1.1324414107507008,1.0,-0.040968098748227884,0.34233811965003247,0.9005,-0.39041765781616483,2.5920267541779967,0.9005
PI,TPV,Lasso,0.22324480979404032,1.1399286162435318,1.0,-0.05582541764977059,0.3653056517646521,0.851,-0.5242008648115931,2.7589864146292613,0.851
PI,TPV,MLP,0.20274116089712566,1.0270167531644645,1.0,0.003005973667527763,0.4761907389387669,0.9765,0.01718299386014404,2.9799226555060145,0.9765
PI,TPV,PoissonGLM,-0.10848814969198037,0.20463311132285308,0.7495,-0.04799786278946939,1.8195360687040565,0.947,-0.4148494890406405,9.35760270478513,0.947
PI,TPV,RBF-SVR,0.2602687670343384,0.8846393067937189,1.0,-0.0008712210755818128,0.34559698512545345,0.9745,-0.004883698114486096,3.446405667135996,0.9745
PI,TPV,RandomForest,0.016108373349525026,0.1568405431904342,0.9865,0.022557645451892976,0.2066164476411505,0.992,0.1767455883809692,1.958720743599101,0.992
PI,TPV,Ridge,0.195531233202999,1.0839152636345981,1.0,-0.043234544962421156,0.4063950030974246,0.89,-0.41276848410303446,2.7723699892469416,0.89
PI,LPV,ElasticNet,0.11916756522553634,0.36751663287530784,1.0,-0.38928798291956884,0.13205498193537663,0.373,-10.674437617357269,4.607450906795129,0.373
PI,LPV,Lasso,0.11789760882871334,0.3684067207909676,1.0,-0.3856495630351266,0.13393598257302786,0.3745,-10.660320626647994,4.647022631653312,0.3745
PI,LPV,MLP,0.0505620871022979,1.312486788133348,0.999,-0.4171459149367155,0.11371316481668235,0.273,-12.36322232838065,4.06363712347821,0.273
PI,LPV,PoissonGLM,-0.0059861392166056454,0.08048163598135556,0.947,-0.08859170899349213,0.3691553395838861,0.83,-2.2358234979333895,10.710150535667463,0.83
PI,LPV,RBF-SVR,0.04368807648131194,0.18209355801795984,0.999,-0.39158936686612456,0.136447415882208,0.3755,-10.991028654616068,4.704952728377272,0.3755
PI,LPV,RandomForest,-0.0661693103682243,0.02958332106133193,0.299,-0.4539220504225288,0.05058417654496478,0.2605,-13.091832252984458,1.8175986459829885,0.2605
PI,LPV,Ridge,0.15358785962397237,0.5772861981884668,1.0,-0.3799477039393647,0.1503489076392777,0.3915,-10.336393751393018,5.158626097090758,0.3915
PI,IDV,ElasticNet,0.16420088580864026,0.3518012511170959,1.0,0.008338094618123758,0.17812708893710724,0.9815,0.18575468159880332,4.016796169032168,0.9815
PI,IDV,Lasso,0.17249761600761285,0.3675159381287629,1.0,0.0011940411654330274,0.1722071839614762,0.9765,0.027385329644707496,3.8596410015302567,0.9765
PI,IDV,MLP,0.12466227243043422,0.32990879722752303,1.0,-0.04433827748596163,0.1509335693324776,0.834,-1.0677331325910564,3.25558901077827,0.834
PI,IDV,PoissonGLM,-0.020937719642835605,0.07871218007351546,0.8585,-0.039544889258497376,0.13361279154906824,0.839,-0.9345062873621073,3.0227761285661865,0.839
PI,IDV,RBF-SVR,0.10303529990746575,0.26087132420016973,1.0,-0.02012140560233197,0.1516781778403365,0.93,-0.45364446176827317,3.450584369945625,0.93
PI,IDV,RandomForest,-0.0647830398427596,0.043298386396077,0.3475,-0.10466201531681679,0.050462906986157345,0.2185,-2.5672884262920257,1.1732215035399167,0.2185
PI,IDV,Ridge,0.1837004245493137,0.38020340500772437,1.0,0.010765608787485984,0.1893905982845377,0.9855,0.24442367863424072,4.137721460818576,0.9855
PI,SQV,ElasticNet,0.0063181356286384415,0.18775848767501804,0.983,-0.27416072508378597,0.04976711201119983,0.157,-7.799759255280615,1.5063877371098822,0.157
PI,SQV,Lasso,0.00530259327565077,0.18776262188520818,0.9815,-0.27624542636828253,0.04837883145307985,0.1495,-7.9164222566769595,1.4597138399519904,0.1495
PI,SQV,MLP,0.037258473390301056,1.1528753949435109,0.996,-0.25902516709583373,0.07520302210720688,0.212,-7.48936528406556,2.185601614394369,0.212
PI,SQV,PoissonGLM,-0.0019575837407822642,0.1329736663869724,0.969,-0.04962908811261327,0.18017381866377494,0.8745,-1.2412815622334705,5.027905685712082,0.8745
PI,SQV,RBF-SVR,-0.04445332167539919,0.07827942404529933,0.718,-0.2450185422925103,0.07905703999933253,0.291,-6.697086055629345,2.351598819675977,0.291
PI,SQV,RandomForest,-0.13706506951540592,0.009048381222590933,0.0435,-0.29832680556220303,0.03154244042304099,0.066,-8.910573590259078,0.9494519660350924,0.066
PI,SQV,Ridge,0.009930794316927808,0.19691465236426148,0.986,-0.2706119021602519,0.05703072590993422,0.1805,-7.730799239559146,1.6948258691694054,0.1805
PI,FPV,ElasticNet,0.308720560806074,0.8518871063273158,1.0,-0.06512274317853887,0.17087249437072363,0.771,-1.1031907550603852,2.445590792256025,0.771
PI,FPV,Lasso,0.30294183431585875,0.8419694036886841,1.0,-0.06488470024545974,0.16587209005132858,0.7565,-1.131593193614869,2.3766010728489566,0.7565
PI,FPV,MLP,0.25453996784183996,2.302844322674369,1.0,-0.07527895485909351,0.19802711054553754,0.7215,-1.3392749935311767,2.900506176047101,0.7215
PI,FPV,PoissonGLM,-0.0014076060093729103,0.674877316526251,0.971,-0.022996412832758564,10.359046981032119,0.939,-0.3773834269684018,53.56429806015664,0.939
PI,FPV,RBF-SVR,0.17149808432386096,1.8009895438431678,1.0,-0.04647659308134186,0.1829206118411005,0.8755,-0.761426582890843,2.8076394542637746,0.8755
PI,FPV,RandomForest,-0.12138630248604912,-0.009721961103615022,0.0085,-0.17311191979381535,0.0272918457595419,0.0885,-3.0329529374449966,0.4473081471696023,0.0885
PI,FPV,Ridge,0.3442979728680974,0.9219815353198205,1.0,-0.049316889240767124,0.21926382579814832,0.858,-0.8753024824128305,3.0190915076702463,0.858
PI,NFV,ElasticNet,0.03570263227366838,0.18564947654222919,1.0,-0.24065465163596078,0.02416397811564766,0.0625,-5.7639298981529405,0.6820910233904456,0.0625
PI,NFV,Lasso,0.04439822172057001,0.20214049862354275,1.0,-0.24134271822634593,0.02355666725569678,0.0565,-5.819589962648454,0.63962570592572,0.0565
PI,NFV,MLP,0.06552159379510107,0.2347946070505769,0.9995,-0.22264689800072907,-0.005173140101818608,0.022,-5.493028973150056,-0.12786282427189466,0.022
PI,NFV,PoissonGLM,-0.04883933353644924,0.03843650967088438,0.432,-0.1585999890947544,0.03726397115848745,0.124,-3.79739989220275,0.9289672990630885,0.124
PI,NFV,RBF-SVR,0.0016533910025392205,0.1587297049512942,0.9795,-0.21336771721395464,0.045150233678132416,0.1435,-4.811253817778028,1.1930399155487599,0.1435
PI,NFV,RandomForest,-0.11080245854797609,0.006715477224698881,0.0495,-0.25023271006333525,0.0068380339975343376,0.0385,-5.892622905672087,0.17877609824588173,0.0385
PI,NFV,Ridge,0.05248124246828574,0.21427733475126717,1.0,-0.23501215034402442,0.03020038198217721,0.077,-5.610951630552388,0.8399279136618726,0.077
PI,ATV,ElasticNet,0.13966290594779762,0.566860329119978,1.0,-0.035481068443195096,0.10362033568629372,0.8105,-1.1322299077606566,3.090714853031081,0.8105
PI,ATV,Lasso,0.13848968147402707,0.5642622798559123,1.0,-0.037953450802106166,0.10146017770950891,0.7985,-1.200884681569043,3.0256481740766237,0.7985
PI,ATV,MLP,0.2018114318146042,0.6590510683280202,1.0,-0.058617897674714356,0.10069879607941007,0.627,-1.9022585924036284,2.9399525000263473,0.627
PI,ATV,PoissonGLM,-0.03749522356438979,0.0514726959440599,0.6125,-0.027886300982584773,0.1181985002752214,0.8925,-0.8390277704469622,3.513037493865209,0.8925
PI,ATV,RBF-SVR,0.049404984644168246,0.2391942739636618,1.0,-0.06979421776007992,0.09727581396719996,0.5805,-2.237658094925556,2.9488603389829864,0.5805
PI,ATV,RandomForest,-0.1255732579673053,-0.012471030797617532,0.0075,-0.16334200772858926,0.004967481920832953,0.037,-5.501438465558791,0.17406929595873996,0.037
PI,ATV,Ridge,0.1349854906641713,0.5580037141773515,1.0,-0.03518275025442266,0.10654113572409663,0.811,-1.117515483164066,3.1618676273446664,0.811
PI,DRV,ElasticNet,0.09615319768902053,0.7235866397278193,0.9985,-0.23778578045435653,0.40995603104155176,0.518,-4.016062407437829,4.9920240095452115,0.518
PI,DRV,Lasso,0.11574411730973956,0.7893962912942545,0.9995,-0.23756049488920278,0.3857093313463054,0.49,-4.070469203716789,4.701829991699058,0.49
PI,DRV,MLP,-0.03762704116495093,0.4492775673490641,0.9255,-0.3450615679384274,0.1819889053794788,0.2035,-6.771573418284782,2.516157923966203,0.2035
PI,DRV,PoissonGLM,-0.1725356040802409,0.17017632062038068,0.439,-0.3155047992870582,0.3134385318959319,0.493,-5.069245463357385,5.273008258906447,0.493
PI,DRV,RBF-SVR,0.032957727504830586,0.5187271299191808,0.9895,-0.23517936232841619,0.37402085171256877,0.6395,-3.5898466476568522,5.719457570302769,0.6395
PI,DRV,RandomForest,-0.09352585034322324,0.09749606670968655,0.354,-0.11715933263495491,0.25482067098445194,0.5065,-2.3526287339388268,2.7641731992140994,0.5065
PI,DRV,Ridge,0.11339371948527574,0.7987215139728086,0.9995,-0.22827755945335682,0.43684741788338627,0.524,-4.033426662465792,4.997762598223934,0.524
CAI,LEN,ElasticNet,-0.09159717921398398,0.6406589090052487,0.9245,-0.4528871801926391,0.5674130866981123,0.721,-8.888500693180742,18.28601196488553,0.721
CAI,LEN,Lasso,-0.11806121190227555,0.6494579870444697,0.925,-0.4510939404987166,0.5866716075797689,0.742,-9.006781551831375,18.39139079618097,0.742
CAI,LEN,MLP,0.0055603916063001425,0.45768403466154256,0.978,-0.2085692733967585,0.3069900887661842,0.7975,-3.999495244866503,11.187917545585062,0.7975
CAI,LEN,PoissonGLM,-0.16950961990980684,0.8596636073608596,0.9015,-0.5341776175765668,0.7039876823226361,0.742,-10.126551990844789,22.36102593129819,0.742
CAI,LEN,RBF-SVR,-0.0720898126460898,2.194818336008475,0.8275,-0.07344624757288984,0.7822124434527065,0.878,-7.988818642347158,10.889586159581095,0.878
CAI,LEN,RandomForest,-0.0005866372019004445,0.14819821306549058,0.9655,-0.0034715991689143132,0.07908163951388174,0.9205,-0.15859255294237543,1.6331857075314054,0.9205
CAI,LEN,Ridge,-0.10875330894449016,0.6519956861415608,0.9255,-0.44682128584997793,0.5830514128773316,0.743,-8.92190080784961,18.361131563751243,0.743
NNRTI,DOR,ElasticNet,-0.03854664315230446,0.06463626608309053,0.701,-0.12535930440882773,0.09737816651690284,0.695,-4.116754692391848,9.865449891719443,0.695
NNRTI,DOR,Lasso,-0.006744512045450196,0.16673513865742046,0.956,-0.0745344500348264,0.09604727420462629,0.7765,-2.7067796481111586,9.136612958044843,0.7765
NNRTI,DOR,MLP,0.010382745660720463,0.301457964868677,0.986,-0.01671590355480307,0.29490178985708315,0.959,-0.9205282125509546,17.082588310187955,0.959
NNRTI,DOR,PoissonGLM,-0.002240347650453986,0.12004698612395032,0.9705,0.03971134130936133,0.17773517893138274,0.999,1.9586777107127402,12.61312314934492,0.999
NNRTI,DOR,RBF-SVR,0.04549909725228172,0.9549427599710788,0.9975,0.01807947769538354,1.08402645116092,0.9965,1.5847003545533587,23.718222898833144,0.9965
NNRTI,DOR,RandomForest,-0.04426336005764513,0.04009749833536605,0.373,-0.03956181519502237,0.008218663723021108,0.122,-2.1624421676879884,1.0401400336998925,0.122
NNRTI,DOR,Ridge,-0.040281666989573035,0.06791001879282747,0.697,-0.12773356792062932,0.09996440130135055,0.6915,-4.20968949880494,9.949210713700348,0.6915
NNRTI,EFV,ElasticNet,-0.06086987273451826,0.11161111859874016,0.663,-0.2509768818949286,0.02720190112400784,0.071,-6.747016131425208,0.6945970336212478,0.071
NNRTI,EFV,Lasso,-0.06838092304001582,0.10990253964860232,0.5915,-0.2513373055336709,0.028901646851196512,0.0765,-6.797444598745824,0.7339908825012708,0.0765
NNRTI,EFV,MLP,0.08592002377152164,1.1321847834952194,0.999,-0.1940563598549281,0.1216988891983319,0.37,-5.089996096417983,3.07774871815991,0.37
NNRTI,EFV,PoissonGLM,0.0006008319082475074,0.24872986361433733,0.9755,0.15639039637330776,1.9299250538216959,0.9985,3.8150272302549375,29.46655059243287,0.9985
NNRTI,EFV,RBF-SVR,-0.023209808391827808,0.1813436072327072,0.9345,-0.12620411379265048,0.20097796943128401,0.675,-3.1219222490538177,4.8971406001583215,0.675
NNRTI,EFV,RandomForest,-0.2697441057173334,-0.14295389891263613,0.0,-0.3581600654227342,-0.09107494024612958,0.0,-10.298939763530315,-2.6665769900723864,0.0
NNRTI,EFV,Ridge,-0.022246898603404595,1.0644291990954788,0.942,-0.21639595690535496,0.08463554359531594,0.2325,-5.785098432241261,2.112487168642857,0.2325
NNRTI,ETR,ElasticNet,0.011921591835153695,1.0432060065747342,0.9785,-0.1410626904248231,0.3237025240945637,0.721,-1.746046403673458,3.7944334209401065,0.721
NNRTI,ETR,Lasso,0.0001665302852120522,1.028807565852287,0.9755,-0.1523609880364573,0.2966307720325994,0.668,-1.8945241296978739,3.4434910974562,0.668
NNRTI,ETR,MLP,-0.07180874022340653,1.1372048388640985,0.9315,-0.21199988272164386,0.36565706897116,0.6255,-2.63623821637296,4.445490492812603,0.6255
NNRTI,ETR,PoissonGLM,-0.17454218764942991,0.5821213656696756,0.822,-0.21982715271743125,0.3844953271200459,0.757,-2.7534578265219505,4.468723371196296,0.757
NNRTI,ETR,RBF-SVR,-0.029934770394553247,0.4694694115409796,0.965,-0.12545642998552176,0.3294267665822897,0.795,-1.3679693954996408,4.641357852575216,0.795
NNRTI,ETR,RandomForest,-0.16032771134745422,0.05293245057427456,0.168,-0.07308513304061325,0.18953944025082986,0.697,-0.9048272823244164,2.4898341598856564,0.697
NNRTI,ETR,Ridge,0.10645100592650908,1.281367705919955,0.9965,-0.1029361688761935,0.44018239585462127,0.842,-1.2617087697813338,4.537185708977528,0.842
NNRTI,NVP,ElasticNet,-0.11130279913700977,-0.0007591186947619564,0.0225,-0.19216629839590327,0.006519593289205034,0.0355,-7.07403069105441,0.23613434825576532,0.0355
NNRTI,NVP,Lasso,-0.1276159215400954,0.002765050954865083,0.027,-0.1906194249839706,0.004785181992437365,0.033,-7.092406059301677,0.16767945658966163,0.033
NNRTI,NVP,MLP,-0.027986816214871053,0.8807598208592091,0.912,-0.1576186925057547,0.08308465591886893,0.2985,-5.792637346014871,2.935871532497291,0.2985
NNRTI,NVP,PoissonGLM,0.12199628711241725,0.29731860630002205,1.0,0.22487575983254182,0.5906315347850604,1.0,6.930590375187818,16.50338518266974,1.0
NNRTI,NVP,RBF-SVR,-0.025289701085936516,0.11288703208129391,0.8965,-0.1178228210234962,0.1028661782363445,0.482,-3.992126564812082,3.664771816623265,0.482
NNRTI,NVP,RandomForest,-0.2849372941219475,-0.18237275733275665,0.0,-0.3247675855658209,-0.11049666673235872,0.0,-14.115309360330818,-4.50772363609898,0.0
NNRTI,NVP,Ridge,-0.10736370544057569,0.03304620557828652,0.1155,-0.16359270990697153,0.05128783194323176,0.159,-6.013243990426966,1.8250457111545215,0.159
NNRTI,RPV,ElasticNet,0.8007482942390318,9.918014322221728,0.999,-9.438287541156543,8.233518157077585,0.8025,-5.917019987508828,16.664468855045747,0.8025
NNRTI,RPV,Lasso,0.6834764626369817,9.946027509066377,0.9995,-3.7758921777586005,27.412160163298758,0.9135,-4.0711282702945395,18.704683833810922,0.9135
NNRTI,RPV,MLP,-0.39238677345560924,9.319390193110074,0.9485,-15.732991643197222,3.2236921907119753,0.6425,-8.268574082833004,7.359167078704323,0.6425
NNRTI,RPV,PoissonGLM,-1.3353547290738115,2.0330819454417663,0.7875,-15.37022301389086,2.888745384454034,0.628,-8.256345198418373,6.021853578933816,0.628
NNRTI,RPV,RBF-SVR,-0.41476045956346136,2.749112091035078,0.9305,-18.48377928507809,1.1088037030399744,0.3985,-9.721175851239595,3.742132450635253,0.3985
NNRTI,RPV,RandomForest,-0.662682074965084,1.213762487229252,0.8305,-15.420298032875033,1.5360641378332172,0.375,-7.735605417202264,2.6670742022613516,0.375
NNRTI,RPV,Ridge,0.8203203386500625,9.97303577671445,0.9995,-4.093498623888772,16.10912429188226,0.892,-3.5688068028207973,19.52718006510524,0.892
