dataset,drug,metric,winner,value
CAI,LEN,R2,DIPS-PR,0.5745458430578726
CAI,LEN,PseudoR2,DIPS-PR,0.6328542328440477
INI,BIC,R2,DIPS-PR,0.681195441479667
INI,BIC,PseudoR2,DIPS-PR,0.6794823896503179
INI,CAB,R2,RandomForest,0.9122099193371402
INI,CAB,PseudoR2,RandomForest,0.9146140468524783
INI,DTG,R2,RandomForest,0.3539982983044184
INI,DTG,PseudoR2,RandomForest,0.6221990566353439
INI,EVG,R2,RandomForest,0.888527257203395
INI,EVG,PseudoR2,RandomForest,0.8594252429600486
INI,RAL,R2,RandomForest,0.850382278725076
INI,RAL,PseudoR2,RandomForest,0.9105464685696155
NNRTI,DOR,R2,RandomForest,0.9426969998244454
NNRTI,DOR,PseudoR2,RandomForest,0.9386975620046333
NNRTI,EFV,R2,RandomForest,0.7185364689506005
NNRTI,EFV,PseudoR2,RandomForest,0.794915461962793
NNRTI,ETR,R2,DIPS-PR,0.22793921881406565
NNRTI,ETR,PseudoR2,RandomForest,0.41978416539397945
NNRTI,NVP,R2,RandomForest,0.8342566833996385
NNRTI,NVP,PseudoR2,RandomForest,0.8733958824819195
NNRTI,RPV,R2,RandomForest,-0.11910428343960056
NNRTI,RPV,PseudoR2,DIPS-PR,0.19716026611948712
NRTI,3TC,R2,RandomForest,0.9882596208396252
NRTI,3TC,PseudoR2,RandomForest,0.9829952508058079
NRTI,ABC,R2,RandomForest,0.4814026103936656
NRTI,ABC,PseudoR2,RandomForest,0.6861618455241135
NRTI,AZT,R2,RandomForest,0.5995402057033601
NRTI,AZT,PseudoR2,RandomForest,0.6537699125608717
NRTI,D4T,R2,Lasso,0.10784094423750734
NRTI,D4T,PseudoR2,DIPS-PR,0.3975346581269761
NRTI,DDI,R2,DIPS-PR,0.40137288964666096
NRTI,DDI,PseudoR2,DIPS-PR,0.7406419004054424
NRTI,TDF,R2,DIPS-PR,0.3810099731754536
NRTI,TDF,PseudoR2,DIPS-PR,0.4958082008399226
PI,ATV,R2,RandomForest,0.7638438995081855
PI,ATV,PseudoR2,RandomForest,0.8258259926983776
PI,DRV,R2,MLP,0.6213227865571346
PI,DRV,PseudoR2,RandomForest,0.7021928855353674
PI,FPV,R2,RandomForest,0.5994799912876734
PI,FPV,PseudoR2,RandomForest,0.7415400962666321
PI,IDV,R2,RandomForest,0.6404635463297583
PI,IDV,PseudoR2,RandomForest,0.7428267405616891
PI,LPV,R2,RandomForest,0.7389085400137233
PI,LPV,PseudoR2,RandomForest,0.8188566278125086
PI,NFV,R2,MLP,0.6356104499241203
PI,NFV,PseudoR2,RandomForest,0.757244953219327
PI,SQV,R2,RandomForest,0.6742557029930337
PI,SQV,PseudoR2,RandomForest,0.7633984973968168
PI,TPV,R2,DIPS-PR,0.30543990027657975
PI,TPV,PseudoR2,DIPS-PR,0.5543009430041781
