dataset,drug,n_train,n_validation,n_test,model,cv_rmse,best_params,elapsed_seconds,Deviance,MAE,PseudoR2,R2,RMSE,R2_ci_lower,R2_ci_upper,PseudoR2_ci_lower,PseudoR2_ci_upper,RMSE_ci_lower,RMSE_ci_upper
CAI,LEN,112,14,14,DIPS-PR,,"{""kappa"": 0.05, ""lambda"": 0.5, ""max_pattern_length"": 4, ""min_support"": 2}",0.05108123179525137,230.4532909399173,14.25563884855793,0.6328542328440477,0.5745458430578726,26.92598924032233,-0.30855419154791774,0.967578669505817,-0.020599606148497488,0.9605833566214904,6.581010718438153,40.34751835803037
CAI,LEN,112,14,14,ElasticNet,25.505435532829086,"{""model__alpha"": 0.1, ""model__l1_ratio"": 0.5}",0.0770044862292707,382.2851031386641,22.524927377237425,0.3909639697845335,0.4408495768533953,30.868079578091553,-0.21697553141443485,0.8422959444294739,-0.24144927786767145,0.736661628274243,14.079593336032122,43.94161204635002
CAI,LEN,112,14,14,Lasso,25.727547028209045,"{""model__alpha"": 0.1}",0.0417779223062098,384.5829422143423,22.20837833379011,0.3873031763682193,0.43172600600151745,31.118895423900167,-0.24652228614481514,0.8452475643870783,-0.2596461553602569,0.7581075100115041,13.65794885024987,44.49707898480202
CAI,LEN,112,14,14,MLP,23.264796954214887,"{""model__alpha"": 0.001, ""model__hidden_layer_sizes"": [64, 32]}",6.461061744019389,341.2759370613318,21.543353576415935,0.4562975637570035,0.4925653906231312,29.405957460612882,-0.31123490429584183,0.8417796191507025,-0.2803331961272624,0.8081276979661507,14.854585119756587,42.60879828434387
CAI,LEN,112,14,14,PoissonGLM,33.76049703853786,"{""model__alpha"": 1.0}",0.05956168193370104,412.81470999548856,22.90007545529439,0.3423258449623511,0.39495204739157996,32.10999072285235,-0.2207631552266299,0.8480932457961396,-0.3132436700068055,0.7449877924573682,13.468497506163969,46.93883966350955
CAI,LEN,112,14,14,RBF-SVR,23.551820912944887,"{""model__C"": 100.0, ""model__epsilon"": 1.0}",0.09752926230430603,658.6833636264486,13.75004619066828,-0.04937884751034005,0.35842397899063094,33.06506220904198,-1.0627366542844072,0.9978721764924208,-2.2600333902284993,0.9963561709703688,1.7440757047864368,50.871830596292654
CAI,LEN,112,14,14,RandomForest,21.51062947360549,"{""model__max_depth"": null, ""model__max_features"": 1.0, ""model__min_samples_leaf"": 1}",5.95768408710137,252.79377958881898,15.339494892625657,0.5972625699513782,0.5609890774923546,27.351613129028948,-0.36740620188551815,0.9544685192727557,-0.07415200433145203,0.936573190271883,7.756619384356691,40.73497034663299
CAI,LEN,112,14,14,Ridge,25.658161144195976,"{""model__alpha"": 1.0}",0.6808642707765102,385.0018573200493,22.313069421283164,0.3866357833914008,0.4316374709547256,31.121319435548376,-0.24474083317951603,0.8423372318416766,-0.2595581889511103,0.7545588550257937,13.781134078218926,44.419029476404454
INI,BIC,231,28,28,DIPS-PR,,"{""kappa"": 0.05, ""lambda"": 0.5, ""max_pattern_length"": 4, ""min_support"": 5}",0.10773878684267402,15.56247763542366,0.8147819740594786,0.6794823896503179,0.681195441479667,1.3279352817903596,-0.9018687535991228,0.7532205316288305,-0.4225048781021229,0.8086076965753787,0.613941741883254,2.0312022016263813
INI,BIC,231,28,28,ElasticNet,6.645853831838505,"{""model__alpha"": 0.1, ""model__l1_ratio"": 0.5}",0.5038981381803751,125.39468570658457,1.1704148177826108,-1.5825711017723685,0.49931051014464234,1.6641745878469754,-3.7997819817611473,0.6857290208665711,-17.055231029571953,0.3105889696860127,0.9510590695663899,2.365047631554523
INI,BIC,231,28,28,Lasso,7.151321280620359,"{""model__alpha"": 0.1}",0.0956474132835865,98.8396184392748,1.0972042059375924,-1.0356551862873284,0.526655690560032,1.6180920668860679,-3.451097183841605,0.7017866983749923,-13.823228766304302,0.536764704985039,0.8427481273146719,2.3458886961396073
INI,BIC,231,28,28,MLP,5.508145217895829,"{""model__alpha"": 0.01, ""model__hidden_layer_sizes"": [64, 32]}",2.1504054376855493,119.71904577479414,1.4144651686422327,-1.465678239931274,0.34261379662692515,1.9068869257446666,-5.827353800338231,0.6315393688053265,-13.862926797638009,0.1671064679699079,1.189091311448419,2.59743206661334
INI,BIC,231,28,28,PoissonGLM,7.190484486404164,"{""model__alpha"": 1.0}",0.12559065083041787,16.204149065924597,0.8779545957902437,0.6662668208731665,0.6285447517248943,1.4334016428479666,-0.9349542883003561,0.6900779517996583,-0.31242064739868447,0.7785246713691473,0.6610687454979978,2.2260750452023648
INI,BIC,231,28,28,RBF-SVR,5.390741333129401,"{""model__C"": 1.0, ""model__epsilon"": 0.01}",0.20282002398744226,24.6258194549033,0.7717916048810122,0.49281798249000697,0.287771998908271,1.9848339069765024,0.17321723916082257,0.6670364898896236,0.3241156583978786,0.7028611723329979,0.4277441685778337,3.3575645418024958
INI,BIC,231,28,28,RandomForest,5.77658706691406,"{""model__max_depth"": null, ""model__max_features"": ""sqrt"", ""model__min_samples_leaf"": 5}",7.4575801230967045,47.68282227828567,1.7433459079789884,0.01794658862180265,0.05343853953829092,2.2881740578694894,-5.960117823839211,0.2476487193699856,-3.1154307506650327,0.3092827312329991,1.4153429911022117,3.320827074540823
INI,BIC,231,28,28,Ridge,6.710442177856379,"{""model__alpha"": 10.0}",0.07662438973784447,153.90802800079342,1.475832549411051,-2.169818746351782,0.2291190992538541,2.064944061770057,-9.108197980783663,0.6509112013429673,-19.39878820104215,0.05707921793487999,1.2637966915441088,2.802470718215955
INI,CAB,52,6,6,DIPS-PR,,"{""kappa"": 0.05, ""lambda"": 10.0, ""max_pattern_length"": 4, ""min_support"": 2}",0.009746729861944914,11.462245415503983,5.350749804783622,0.8676755353252377,0.8652840506228121,6.741951478748878,-3.415294266151273,0.8873388083529189,-2.485194872492082,0.909001851381958,2.851951429812324,10.378232528291063
INI,CAB,52,6,6,ElasticNet,18.484069582517183,"{""model__alpha"": 0.1, ""model__l1_ratio"": 0.2}",0.08135316194966435,182.69730701739522,8.369716701738783,-1.1091263074770388,0.6268164148929813,11.221150335738649,-34.524783662556615,0.8065754571825393,-73.389345579939,0.8297809127960638,3.9738083501254224,15.840802420588272
INI,CAB,52,6,6,Lasso,18.647789750634885,"{""model__alpha"": 0.1}",0.03355118818581104,181.5286143832887,8.583690360233106,-1.0956344809132572,0.6369695387967196,11.067452030430598,-36.28234806722089,0.8289627963821304,-73.56037215787123,0.8587119961221719,3.9890093637475736,15.839646669079025
INI,CAB,52,6,6,MLP,19.438936400429586,"{""model__alpha"": 0.0001, ""model__hidden_layer_sizes"": [64]}",4.521905038040131,11.222395363822487,5.164970932747921,0.8704444543756044,0.8243320541970506,7.698788271341626,-0.7166727854061505,0.8472129657439618,-0.7423206649913466,0.907050093313045,2.1062411316551652,12.723202508565551
INI,CAB,52,6,6,PoissonGLM,17.370118103036038,"{""model__alpha"": 0.01}",0.0890378737822175,10.804916177516304,5.178364508690771,0.8752639908484581,0.8773863816986844,6.431991604599016,-2.995078328972768,0.8965246887369994,-2.2784249089963278,0.9120090492698171,2.878033337894137,9.843289709980164
INI,CAB,52,6,6,RBF-SVR,19.705433159562745,"{""model__C"": 100.0, ""model__epsilon"": 1.0}",0.12753925286233425,21.998794915903737,6.733493001104301,0.7460376518548959,0.660616308395904,10.700931875877695,-1.5245070219596464,0.7048080556004102,-1.505748891954934,0.8198041888231411,2.431782741572569,17.927788417130493
INI,CAB,52,6,6,RandomForest,17.319371203966735,"{""model__max_depth"": null, ""model__max_features"": ""sqrt"", ""model__min_samples_leaf"": 1}",5.9541053250432014,7.396325028929321,4.203242100363988,0.9146140468524783,0.9122099193371402,5.4425050241887,-0.722879310869724,0.9286315728592918,-0.7783170368978194,0.9471404245649793,2.2222327910658133,8.496497178402707
INI,CAB,52,6,6,Ridge,18.58243628909369,"{""model__alpha"": 1.0}",0.059113947208970785,181.20450262456364,8.553997859971238,-1.0918928130799999,0.6400701382377199,11.0200877931592,-35.12278456137239,0.8250422635077639,-73.4090874235287,0.8558442777545463,4.008473063202121,15.665478518201938
INI,DTG,296,37,37,DIPS-PR,,"{""kappa"": 0.05, ""lambda"": 5.0, ""max_pattern_length"": 4, ""min_support"": 6}",1.0926049491390586,149.69570841066562,2.592021825253645,0.5753782968512673,0.2522510618686501,8.885630116919057,-1.5100665218159233,0.45838275643000737,-0.5564076095675601,0.7087538321166308,1.2862031722198288,15.139403757874296
INI,DTG,296,37,37,ElasticNet,10.119589738070564,"{""model__alpha"": 0.1, ""model__l1_ratio"": 0.2}",1.1120353261940181,487.36080100407275,4.42957274772564,-0.38243090311288785,0.16272280755707302,9.402535004758674,-29.156036405012763,0.24240608797511196,-28.45614279405801,0.153456383639711,3.1456670997917446,15.386520131119145
INI,DTG,296,37,37,Lasso,12.15901386672518,"{""model__alpha"": 0.1}",0.41634858399629593,513.6573880223048,4.3239357058637315,-0.457022898335945,0.17636010804462865,9.325647914751007,-24.319135715455147,0.2550805350400857,-31.525626248476474,0.1386099342907791,2.899931750274638,15.316520116956529
INI,DTG,296,37,37,MLP,9.102839495575102,"{""model__alpha"": 0.0001, ""model__hidden_layer_sizes"": [64]}",3.8933177976869047,343.7857228734928,4.227560530179324,0.024829230479396003,0.05256247784468859,10.001971635530204,-45.67113313956696,0.19881438806607868,-17.861984963916925,0.3458315201649626,3.6358859669206427,15.974451979555166
INI,DTG,296,37,37,PoissonGLM,7.2667584663246325,"{""model__alpha"": 0.1}",0.2495465138927102,156.86593150060284,2.857445712512349,0.5550394883928907,0.2471808067310055,8.915704581529885,-4.518474889769066,0.3863544097110081,-1.4811992825620675,0.6278285305629177,1.6636791312004722,15.017783869441415
INI,DTG,296,37,37,RBF-SVR,8.96954232229263,"{""model__C"": 10.0, ""model__epsilon"": 1.0}",0.25407277420163155,268.0812267969995,2.9889248877417502,0.23957000295251507,0.12711425235239093,9.600393397784586,-2.2862733728456957,0.3768116397443691,-4.800422217656346,0.3758092247582469,1.4236626950845732,16.362940964184872
INI,DTG,296,37,37,RandomForest,8.791136786825513,"{""model__max_depth"": 8, ""model__max_features"": 1.0, ""model__min_samples_leaf"": 5}",8.711669170297682,133.1895648192535,2.927971036258913,0.6221990566353439,0.3539982983044184,8.258994166863372,-12.535871883630183,0.39560948140539853,-2.90184388207166,0.6995827667704868,2.34656597678327,13.696951940450319
INI,DTG,296,37,37,Ridge,10.5475650160948,"{""model__alpha"": 10.0}",0.09197359997779131,448.85994121156045,4.914476172960505,-0.27322068705954417,0.04027357351921046,10.06662881168883,-50.641856718016406,0.22416758968012762,-26.089467175755455,0.20992258307980738,3.78284596330766,15.959149600046851
INI,EVG,604,75,75,DIPS-PR,,"{""kappa"": 0.05, ""lambda"": 10.0, ""max_pattern_length"": 4, ""min_support"": 13}",2.279648505616933,569.3589093615263,6.902524065457601,0.7809511934512601,0.8105377393078012,12.339501926425228,0.6118806695969022,0.9270256547481311,0.6129779366488034,0.8815338294517581,7.394550518476876,17.37095831546392
INI,EVG,604,75,75,ElasticNet,16.341784397029013,"{""model__alpha"": 0.1, ""model__l1_ratio"": 0.8}",2.035568576771766,1240.607739501747,8.349305794678333,0.5227023934029071,0.8038685352735178,12.554803171603952,0.4959869091719727,0.9170353661373883,0.15490912720466538,0.683631054103335,8.775006861002648,16.91262571174309
INI,EVG,604,75,75,Lasso,16.30152677706752,"{""model__alpha"": 0.1}",0.6363383713178337,1308.7319409128743,8.297473136602278,0.4964930467661304,0.8047947877538668,12.525122365870327,0.499941992526701,0.918946869443733,0.0997542811105861,0.666881736155223,8.671905718628192,17.06647166326253
INI,EVG,604,75,75,MLP,21.167074620446837,"{""model__alpha"": 0.0001, ""model__hidden_layer_sizes"": [64]}",12.438897158019245,1337.818761068316,8.99613252114493,0.48530250748311077,0.7486219276858058,14.21346512905616,0.45555455521411226,0.9073329389513086,0.13709058847082076,0.6702695389412908,8.895013273663997,20.17751716841082
INI,EVG,604,75,75,PoissonGLM,23.709874076242528,"{""model__alpha"": 1.0}",0.615083069074899,757.5679792222212,8.278555116877708,0.7085417317623842,0.7244960144266295,14.879906955450616,0.4368277140905542,0.9038989776531086,0.47462788702786113,0.8586999423481209,8.283045130919708,21.427922201743034
INI,EVG,604,75,75,RBF-SVR,20.686794335202162,"{""model__C"": 100.0, ""model__epsilon"": 1.0}",0.7646885788999498,1035.8613243595576,9.294126469298035,0.601474249159627,0.7465330036806169,14.272399110998617,0.46888201150433106,0.8952816272433529,0.35520288671376854,0.7372435841332887,9.44687057869914,19.741874461400073
INI,EVG,604,75,75,RandomForest,16.060132720140803,"{""model__max_depth"": 8, ""model__max_features"": 1.0, ""model__min_samples_leaf"": 1}",14.011219363193959,365.38656207752206,4.593860732475216,0.8594252429600486,0.888527257203395,9.464999953020211,0.6875552633680456,0.9686604582527456,0.7074835346159231,0.943538025273631,5.319526233041015,13.627669961356407
INI,EVG,604,75,75,Ridge,17.81821776827211,"{""model__alpha"": 10.0}",0.198445204179734,1361.237658948225,10.18727964992527,0.4762925814998088,0.7474878599373338,14.245490383446144,0.38469066189787404,0.8803426478281694,0.0746382661266383,0.6494693526152661,10.455540103768342,18.16816294965231
INI,RAL,603,75,75,DIPS-PR,,"{""kappa"": 0.05, ""lambda"": 10.0, ""max_pattern_length"": 4, ""min_support"": 13}",2.045797080732882,608.5995540286813,9.144256693730869,0.81278305091564,0.375808447950001,25.96511480792739,-0.4329744748884993,0.8584225992937514,0.7119433281076434,0.8973653669686077,10.654719944541752,40.259153378793926
INI,RAL,603,75,75,ElasticNet,20.47748508140324,"{""model__alpha"": 0.1, ""model__l1_ratio"": 0.2}",1.91149198776111,1404.714795252035,13.12855890805396,0.5678826634691326,0.6575366227245738,19.232616489443195,0.4489189118376982,0.7754115341874154,0.35101241324264154,0.6710381040368885,14.99011996549447,23.142743427301415
INI,RAL,603,75,75,Lasso,20.968343828517074,"{""model__alpha"": 0.1}",0.5521250069141388,1450.9979946962692,13.399293577997248,0.5536450595529718,0.6577409698787531,19.226877602955,0.40754836923212223,0.7867597584597608,0.3350648056733735,0.6577816846092791,14.655029337657027,23.631637448148844
INI,RAL,603,75,75,MLP,20.841370187343028,"{""model__alpha"": 0.01, ""model__hidden_layer_sizes"": [64]}",13.139731082133949,1305.7236700236626,11.945414239860026,0.5983342409127965,0.6845497528022915,18.45851420015733,0.5362898880727751,0.7932043989370741,0.4163178936521089,0.6978151357462687,13.576042455703488,22.99962839887798
INI,RAL,603,75,75,PoissonGLM,24.493731124701643,"{""model__alpha"": 1.0}",0.4336398895829916,567.9581778636527,8.868638059808525,0.8252851212866082,0.7061406535542112,17.815624813756216,0.5784794608863858,0.8395862887631415,0.7610459973193668,0.8789295689303706,11.29590814032101,23.49740986562192
INI,RAL,603,75,75,RBF-SVR,21.938165904112108,"{""model__C"": 100.0, ""model__epsilon"": 1.0}",0.8071775189600885,1355.4239787648883,13.54889447294737,0.5830454683373166,0.5506164075861792,22.031289119074614,0.36344961459946434,0.6929706115135907,0.41480913890959137,0.6897931954858414,16.470846630555993,26.875576333328098
INI,RAL,603,75,75,RandomForest,16.799259015329486,"{""model__max_depth"": 8, ""model__max_features"": 1.0, ""model__min_samples_leaf"": 1}",14.873153395019472,290.7930056604614,5.4242814265350425,0.9105464685696155,0.850382278725076,12.71226161521353,0.7313304584900961,0.9455474262181566,0.8453528956794619,0.9620333376774021,6.698715587541615,17.93065852958511
INI,RAL,603,75,75,Ridge,22.708896259275722,"{""model__alpha"": 10.0}",0.884923349134624,1554.7401991190068,15.10679684758578,0.5217319586071312,0.5784340476091836,21.33850887998538,0.2294029377248521,0.7454459715514449,0.27211545012377647,0.6399537552558804,16.495740395272026,26.35686164674113
NNRTI,DOR,104,13,13,DIPS-PR,,"{""kappa"": 0.05, ""lambda"": 30.0, ""max_pattern_length"": 4, ""min_support"": 2}",0.018511546310037374,45.87086632555034,6.130569299131491,0.9338092776245335,0.9332469890388273,10.658234348272357,0.6146050606855341,0.9935509391265989,0.8253509998009892,0.9724595793095614,3.268102339961775,17.618634731838604
NNRTI,DOR,104,13,13,ElasticNet,22.020598597499216,"{""model__alpha"": 0.1, ""model__l1_ratio"": 0.2}",0.09581104386597872,54.424314886785346,8.755239368820416,0.9214668262077356,0.9098126666814581,12.388610762944158,0.7970625414094685,0.9677119044657956,0.8358653993001375,0.9484772662653193,5.3381627617641785,17.238543058361834
NNRTI,DOR,104,13,13,Lasso,23.57108816676539,"{""model__alpha"": 0.1}",0.04349554004147649,81.84603955254042,9.04083459505518,0.8818978380938904,0.907636324731912,12.537196652433192,0.7309380150381064,0.9661508935430793,0.6985076483697032,0.9422928349894755,6.3164906264180845,17.2521346786763
NNRTI,DOR,104,13,13,MLP,21.81119965475884,"{""model__alpha"": 0.0001, ""model__hidden_layer_sizes"": [128]}",8.013798499014229,124.84157271916787,11.875688087365535,0.8198561626866786,0.8056375439463421,18.186788839160332,0.5639993409083182,0.9415013858019422,0.5655466488921395,0.9122743182333677,8.216559406517312,25.69995737927447
NNRTI,DOR,104,13,13,PoissonGLM,92.89926251953436,"{""model__alpha"": 1.0}",0.14782122522592545,79.64708433745248,11.16636979556433,0.8850708855162998,0.8335102802774559,16.832303231188543,0.4903845127211936,0.9419041034503131,0.7407748343251559,0.9429081176334871,7.077862891236884,23.940234497683782
NNRTI,DOR,104,13,13,RBF-SVR,19.598147074357435,"{""model__C"": 100.0, ""model__epsilon"": 0.01}",0.14274606108665466,241.60147690026145,13.424723230218735,0.6513740078612735,0.7211860751762352,21.78246702088571,-0.24214791363231405,0.9601818233849485,-0.07909309846874327,0.9038465827541093,8.799942210098004,31.765901318730307
NNRTI,DOR,104,13,13,RandomForest,19.519809239733615,"{""model__max_depth"": 8, ""model__max_features"": 1.0, ""model__min_samples_leaf"": 1}",6.534789721947163,42.48323387022086,4.925106648508161,0.9386975620046333,0.9426969998244454,9.875032088183715,0.6712188477646451,0.997631287683766,0.8291604205168946,0.9877208491136313,2.030420424934697,16.453832972659185
NNRTI,DOR,104,13,13,Ridge,21.78593441930217,"{""model__alpha"": 10.0}",0.06586367078125477,54.58656727806896,8.741555282468179,0.9212326993240183,0.9095356553942152,12.407622046110298,0.7982391104408092,0.9678221484119903,0.8343781161771799,0.9491944137572448,5.446943210030793,17.28209666766968
NNRTI,EFV,1736,216,216,DIPS-PR,,"{""kappa"": 0.05, ""lambda"": 1000.0, ""max_pattern_length"": 4, ""min_support"": 39}",99.69565759599209,4153.85203228996,16.634071300706438,0.592976166009167,0.5051849245270531,25.325116032875908,0.3543300856481397,0.6328449661173081,0.48922711611181136,0.6730331010973353,21.166417241390484,29.66555529863569
NNRTI,EFV,1736,216,216,ElasticNet,24.746094679823127,"{""model__alpha"": 0.1, ""model__l1_ratio"": 0.8}",1.7184404018335044,4342.8803485511635,15.350226066665291,0.5744538331433401,0.6080022585500209,22.5409266027319,0.47690444750932837,0.7084244909007394,0.43026306491582306,0.6799215396234672,19.446154689248008,25.5839339169424
NNRTI,EFV,1736,216,216,Lasso,24.80488059991667,"{""model__alpha"": 0.1}",0.41233487287536263,4275.087223851964,15.240950307709404,0.581096683519037,0.6074566868962165,22.556607068948082,0.47325171042381053,0.7102416013405416,0.42609343080548184,0.6900823232997931,19.40700102648389,25.622369090211276
NNRTI,EFV,1736,216,216,MLP,27.273706603490293,"{""model__alpha"": 0.001, ""model__hidden_layer_sizes"": [64, 32]}",12.968298817053437,8747.568716513124,16.382256546326303,0.14285127890542493,0.5364309464749625,24.512477075257333,0.3887278379294561,0.651177642755732,-0.578877406083202,0.5370423399261276,21.132104852342884,27.812593136384194
NNRTI,EFV,1736,216,216,PoissonGLM,129.97044590852065,"{""model__alpha"": 1.0}",0.5683856476098299,5310.85588988697,19.671409210659416,0.4796047357317861,-0.36392626746337187,42.04607195405926,-1.5432170703284294,0.4013230423708678,0.31654890518204837,0.6243594795976231,27.394795119268455,57.39363116871436
NNRTI,EFV,1736,216,216,RBF-SVR,27.001589987832528,"{""model__C"": 100.0, ""model__epsilon"": 0.1}",6.306197350844741,4951.482652942343,17.44717430341085,0.5148186700746182,0.46980643359889596,26.21483987052812,0.33782004461350423,0.5853537735471359,0.41963876970615066,0.5999902716419452,22.868968900900473,29.238096463174486
NNRTI,EFV,1736,216,216,RandomForest,22.435228685840695,"{""model__max_depth"": null, ""model__max_features"": 1.0, ""model__min_samples_leaf"": 5}",45.97485523298383,2092.975285413597,10.852934789430622,0.794915461962793,0.7185364689506005,19.100337812723744,0.6124829737768619,0.8016400920266415,0.7237483588366186,0.8536021316830339,16.069523488572123,21.92861323626143
NNRTI,EFV,1736,216,216,Ridge,25.962805244624246,"{""model__alpha"": 10.0}",1.006515224929899,7743.620744917758,16.272820567272415,0.24122520974108663,0.5656732364628098,23.726751314555926,0.4138556626862007,0.6813585796099599,-0.5368382787000593,0.6440736496200258,20.33682766009675,27.00108753985392
NNRTI,ETR,800,99,99,DIPS-PR,,"{""kappa"": 0.05, ""lambda"": 200.0, ""max_pattern_length"": 4, ""min_support"": 17}",79.5292709087953,1741.7124689860646,8.36363802166316,0.366076087137321,0.22793921881406565,20.469161638950954,0.002931886647271737,0.5218271790262795,0.1391132680099171,0.6032673475308015,12.127484827735438,27.26487493996487
NNRTI,ETR,800,99,99,ElasticNet,18.327605750345,"{""model__alpha"": 0.1, ""model__l1_ratio"": 0.2}",2.4263970647007227,2685.6134651226653,11.119879913844645,0.022528329697064642,0.17178734043996202,21.200457932531528,-0.06721351390271943,0.3344560280922255,-0.6284808270196157,0.31577649526205215,13.909558952238203,27.648902479318263
NNRTI,ETR,800,99,99,Lasso,18.79847908934649,"{""model__alpha"": 0.1}",0.46720016608014703,2651.892341679048,10.995136620715837,0.034801668092550586,0.18823468562487378,20.988894028903147,-0.05768156373680968,0.3562753181492357,-0.6125606689046238,0.3281700848709378,13.665692517985041,27.411644092149768
NNRTI,ETR,800,99,99,MLP,16.81119604634535,"{""model__alpha"": 0.01, ""model__hidden_layer_sizes"": [64]}",4.461816099006683,2784.897987722893,10.104224233062094,-0.013607849020240703,0.19014764232925085,20.964148867333535,-0.07188633332603328,0.35717195584658384,-0.7094323826627411,0.39767220490133304,13.647902569296525,27.64506727966515
NNRTI,ETR,800,99,99,PoissonGLM,18.926511785210508,"{""model__alpha"": 1.0}",0.3894456811249256,2196.5346421119675,8.962076965877738,0.2005363342913613,0.1447096784947225,21.54423553153213,-0.2070674390669795,0.4284688370206825,-0.19613635529776494,0.5604963631679343,13.458977992129034,28.66167161353159
NNRTI,ETR,800,99,99,RBF-SVR,16.250188866144743,"{""model__C"": 100.0, ""model__epsilon"": 1.0}",1.2970403721556067,2269.2493963357256,9.948614342239015,0.17407064472366407,0.13130761270422053,21.712374308970904,-0.003422029344044502,0.253089668236527,-0.06389500804900809,0.35300459818339075,13.345200598500842,28.72099986012339
NNRTI,ETR,800,99,99,RandomForest,14.486088098596253,"{""model__max_depth"": 8, ""model__max_features"": 1.0, ""model__min_samples_leaf"": 5}",20.771615721751004,1594.1489717163772,8.824334390437436,0.41978416539397945,0.19671415910747236,20.87898419459233,-0.05188067280016398,0.40475184291049654,0.22800779800429458,0.6104190741359836,13.114718520606264,27.31744373368397
NNRTI,ETR,800,99,99,Ridge,20.470086639128173,"{""model__alpha"": 10.0}",0.21740850992500782,3005.752973720104,12.310927573609348,-0.09399152852624315,0.1299771299526693,21.728995202200874,-0.2030399367356602,0.2988778082417542,-0.8417187532272227,0.2065591302680367,14.863171505230836,27.921141777691236
NNRTI,NVP,1642,205,205,DIPS-PR,,"{""kappa"": 0.05, ""lambda"": 1000.0, ""max_pattern_length"": 4, ""min_support"": 36}",221.637030958198,4436.274920151129,20.38933534822385,0.6418202342113497,0.621534037665038,27.002870500769088,0.5162236027091992,0.7047311915702563,0.5900117006129842,0.6843748261265057,23.262568487740115,30.84960696489524
NNRTI,NVP,1642,205,205,ElasticNet,27.558517861160087,"{""model__alpha"": 0.1, ""model__l1_ratio"": 0.5}",2.422458845190704,3717.1105454353274,16.916573803770984,0.6998847437234138,0.709143030717954,23.672071146165745,0.6344543490318666,0.7731939833014295,0.6250740596527661,0.7581164125435976,20.745212303432115,26.52726189941657
NNRTI,NVP,1642,205,205,Lasso,27.730844623378257,"{""model__alpha"": 0.1}",0.46438895305618644,3597.386606413121,16.352968563221424,0.7095511176993547,0.7100069586853486,23.63688860738812,0.6313029647781817,0.776058927582289,0.6214519037315217,0.7756836970498981,20.486485363804594,26.624194263417696
NNRTI,NVP,1642,205,205,MLP,30.152976112138987,"{""model__alpha"": 0.001, ""model__hidden_layer_sizes"": [64, 32]}",16.108997645787895,8068.150452307448,18.042814859305977,0.3485867554717217,0.6555117419644887,25.762246533065685,0.5558337733581648,0.7398579873189103,-0.24656558194349815,0.6768495515676456,22.122110179507057,29.446047089042384
NNRTI,NVP,1642,205,205,PoissonGLM,233.9311073498371,"{""model__alpha"": 1.0}",0.5660372418351471,6961.666575223152,26.363782727651405,0.4379229988462576,0.23280279348374322,38.44589952343357,0.009196673730536257,0.428311309548992,0.33336466528582454,0.5247753775750434,32.388792964055554,44.40393968572973
NNRTI,NVP,1642,205,205,RBF-SVR,29.388603385199417,"{""model__C"": 100.0, ""model__epsilon"": 1.0}",5.357511349953711,4959.520595154874,19.934920893729945,0.5995739765523718,0.627376198832517,26.793646058434483,0.5548906558728594,0.6869270996646036,0.5293753354743759,0.6582368706312453,24.286759014818603,29.33947320923353
NNRTI,NVP,1642,205,205,RandomForest,21.048678322062447,"{""model__max_depth"": null, ""model__max_features"": 1.0, ""model__min_samples_leaf"": 2}",44.38984911516309,1568.0692350017832,8.176258513212172,0.8733958824819195,0.8342566833996385,17.86958771777331,0.7551473122394259,0.902040527759493,0.8179407992624923,0.9208672892416704,13.942811815450062,21.363186089056743
NNRTI,NVP,1642,205,205,Ridge,29.139227238583402,"{""model__alpha"": 10.0}",0.2767582689411938,3902.4074148352693,17.403837875296503,0.6849240863075339,0.6766233895700966,24.96035871398068,0.5860679580147135,0.7541050165562263,0.5915986748510332,0.7565895610968055,21.611675420992277,28.19752432751103
NNRTI,RPV,249,31,31,DIPS-PR,,"{""kappa"": 0.05, ""lambda"": 50.0, ""max_pattern_length"": 4, ""min_support"": 5}",8.826717916410416,442.1032768497432,9.358943133075435,0.19716026611948712,-0.27261511971680097,18.722612881236632,-25.408111763840544,0.24497304633109468,-2.9973159761279877,0.5022227500309899,7.807663319887892,27.350123849984797
NNRTI,RPV,249,31,31,ElasticNet,24.469308828686877,"{""model__alpha"": 0.1, ""model__l1_ratio"": 0.2}",1.0256501981057227,3811.436390713934,14.658592185373417,-5.921397641355335,-1.423100731595078,25.83471367831171,-21.010456853345495,-0.8935472045182384,-10.162295003684886,-1.0795382777163962,11.556204194271668,40.512348061574556
NNRTI,RPV,249,31,31,Lasso,29.220996918459083,"{""model__alpha"": 0.1}",0.6347733926959336,3805.131819678732,16.469602330497946,-5.90994882295209,-1.9497308980851074,28.504217094150974,-45.43260405896162,-1.1236191761862804,-10.5574308107166,-1.0519404453876955,12.480235413426131,43.37015748048093
NNRTI,RPV,249,31,31,MLP,23.026057535923588,"{""model__alpha"": 0.001, ""model__hidden_layer_sizes"": [64, 32]}",5.115412011742592,3499.949801326847,11.799626664145707,-5.3557519571323935,-0.493091390928704,20.27968075545804,-12.434419183971574,-0.34331088703134244,-8.985972528648357,-0.5353108012917552,9.277033107529183,31.234563227486294
NNRTI,RPV,249,31,31,PoissonGLM,21.621000023731273,"{""model__alpha"": 1.0}",0.3114099227823317,1073.0785110673373,9.42191244388531,-0.9486624763267653,-0.3957021278616599,19.60714175259571,-13.17660917350267,-0.16647593011566675,-2.142631823872876,-0.0009443171966267061,7.9621134392401895,30.41227078496351
NNRTI,RPV,249,31,31,RBF-SVR,22.23579199103027,"{""model__C"": 100.0, ""model__epsilon"": 0.01}",0.2706940998323262,700.6624754425754,10.095590871252874,-0.2723716488434016,-0.12930655520830636,17.63696458586528,-9.072232262324553,-0.01473738036109119,-4.656071405796003,0.011151893990336262,8.016586228981858,27.095835251359095
NNRTI,RPV,249,31,31,RandomForest,20.911929255126626,"{""model__max_depth"": null, ""model__max_features"": ""sqrt"", ""model__min_samples_leaf"": 1}",9.050135957077146,543.1798332207374,9.957410670294237,0.013609770414775846,-0.11910428343960056,17.55711676077134,-11.846661590336835,0.07156472253368074,-3.086427655799434,0.24497218574501672,8.739465333427997,26.279609253135185
NNRTI,RPV,249,31,31,Ridge,25.584451444314663,"{""model__alpha"": 10.0}",0.0806375932879746,3822.617575073143,16.999813261000075,-5.941702170965205,-1.9211882346003586,28.365973297753342,-32.338319562479384,-1.2877955257741203,-10.577832655103382,-1.1218481055953702,13.425493770284621,43.71309375367984
NRTI,3TC,1473,183,183,DIPS-PR,,"{""kappa"": 0.05, ""lambda"": 500.0, ""max_pattern_length"": 4, ""min_support"": 33}",89.92237289017066,757.9726869390538,3.965131463349607,0.9325357077381287,0.9742172552690128,7.657755504053099,0.9362948596449376,0.9937338738641258,0.8646707052993211,0.9689458566599578,3.7895231389835864,11.87386969125084
NRTI,3TC,1473,183,183,ElasticNet,11.57453889390277,"{""model__alpha"": 0.1, ""model__l1_ratio"": 0.8}",1.4770664763636887,723.9808824181769,4.746139813152602,0.935561190152232,0.974315600106677,7.643136807455005,0.9531401824942176,0.9868985313032754,0.8975765670674752,0.9641084605266171,5.449484711990912,10.260792860069797
NRTI,3TC,1473,183,183,Lasso,11.574629474475126,"{""model__alpha"": 0.1}",0.5167349032126367,683.5406293738798,4.076418616389823,0.9391606246668742,0.9762438357965859,7.350638771495143,0.9539683111560356,0.9892819682030368,0.9009293847362274,0.9689162825201404,4.926108399843138,10.180596950277296
NRTI,3TC,1473,183,183,MLP,21.79988980467303,"{""model__alpha"": 0.01, ""model__hidden_layer_sizes"": [64, 32]}",20.87758906977251,2432.5892896645346,10.30262252293661,0.7834843951254117,0.8836211365782038,16.26949142956424,0.8388073496062517,0.9216750748024057,0.736815118880193,0.8268310404276887,13.349920695738444,19.04559273871808
NRTI,3TC,1473,183,183,PoissonGLM,37.6559301801735,"{""model__alpha"": 1.0}",0.4940402009524405,883.6961962383666,7.683946616314271,0.921345531994713,0.9328090933899625,12.36209771985707,0.892893958802369,0.9632814363205714,0.8740067647311612,0.9487234930548744,9.094574238445764,15.62437033193564
NRTI,3TC,1473,183,183,RBF-SVR,22.941367692367653,"{""model__C"": 100.0, ""model__epsilon"": 0.01}",4.051611355971545,2750.271361897401,12.697140256412697,0.7552087111373442,0.8127425688658652,20.637469877581417,0.7602869051549525,0.861579123094222,0.6998305817254876,0.8061402263087594,17.718431845344753,23.284047306508043
NRTI,3TC,1473,183,183,RandomForest,10.351982922328068,"{""model__max_depth"": 16, ""model__max_features"": 1.0, ""model__min_samples_leaf"": 2}",30.542919821105897,191.05122139895457,2.280701277764365,0.9829952508058079,0.9882596208396252,5.167470228163938,0.9802329153473266,0.9942419631041853,0.9741873458824282,0.9894735867621693,3.631131478890859,6.640500433886182
NRTI,3TC,1473,183,183,Ridge,12.210158334037422,"{""model__alpha"": 10.0}",1.0235927989706397,793.8142425029517,4.9773666435718775,0.9293455859549181,0.9680062646787508,8.5303999873654,0.9455254195835984,0.9835375491215944,0.890548534999114,0.9588303861922554,6.126617602596537,11.051205506182418
NRTI,ABC,1385,173,173,DIPS-PR,,"{""kappa"": 0.05, ""lambda"": 15.0, ""max_pattern_length"": 4, ""min_support"": 31}",92.49445239501074,199.78173772324052,1.6384678523626606,0.6390918316590507,0.428095604715644,3.1217235055608312,0.2592151303746119,0.6457932590172325,0.5225680316337031,0.753735886521873,2.0944667112017914,4.294046063882873
NRTI,ABC,1385,173,173,ElasticNet,6.698862857022145,"{""model__alpha"": 0.1, ""model__l1_ratio"": 0.8}",1.7478760411031544,322.578580655083,1.8009986932862063,0.4172578233775872,0.41839352938039887,3.1480913943110647,0.2448922882717574,0.6286993878125013,0.2448535802191837,0.5864851775130902,2.119144273193099,4.405483079277571
NRTI,ABC,1385,173,173,Lasso,7.112159659789054,"{""model__alpha"": 0.1}",0.2471216437406838,290.80709682127224,1.7737416717072143,0.47465340000341216,0.42526643098383077,3.1294354609509187,0.25209601104060647,0.6339359012826695,0.3154888695821015,0.6369364607132326,2.098021090229817,4.382724768689915
NRTI,ABC,1385,173,173,MLP,6.315116093201625,"{""model__alpha"": 0.01, ""model__hidden_layer_sizes"": [64]}",5.86049606371671,625.3971438516826,2.004594456251861,-0.12978763847700336,0.2840371212517593,3.4928341950758854,0.05827828172353612,0.5683299281183504,-0.6944119098299821,0.2964505463882429,2.2966577520604594,4.886195792130678
NRTI,ABC,1385,173,173,PoissonGLM,6.380478086687283,"{""model__alpha"": 1.0}",0.33398634009063244,233.921884111588,1.6276656775223333,0.577417236972226,0.4430797939845087,3.0805566872303998,0.22069457538742318,0.7035174921190039,0.3712786071012907,0.7494117064598748,1.8562094429537683,4.478073256478726
NRTI,ABC,1385,173,173,RBF-SVR,6.427109394166192,"{""model__C"": 100.0, ""model__epsilon"": 1.0}",2.850141534116119,360.0235557597592,1.789198907261336,0.34961301493507335,0.4715031431959945,3.00091657117888,0.3214951780105017,0.6705749931777868,0.12202439360935927,0.5241468445834676,1.9573466325652769,4.202596221936097
NRTI,ABC,1385,173,173,RandomForest,6.052045697607201,"{""model__max_depth"": 16, ""model__max_features"": 1.0, ""model__min_samples_leaf"": 2}",29.75437068892643,173.72599837035452,1.3896833198417928,0.6861618455241135,0.4814026103936656,2.9726780788139737,0.2756205891948652,0.7374440211170977,0.5286918728876118,0.8295193343869273,1.7470210584953176,4.265381496092687
NRTI,ABC,1385,173,173,Ridge,7.116048141578822,"{""model__alpha"": 10.0}",0.21457515889778733,944.6563238674833,2.160413511684314,-0.7065332769855432,0.29893842107956214,3.4562949808893193,0.13532227937250224,0.4984377372044862,-1.6091876412292732,-0.15766921304857254,2.5065850495950226,4.590221222943565
NRTI,AZT,1483,185,185,DIPS-PR,,"{""kappa"": 0.05, ""lambda"": 300.0, ""max_pattern_length"": 4, ""min_support"": 33}",105.05354376276955,3263.0718551429964,15.289762340069846,0.6061245159103219,0.06802094727154318,33.88630880313489,-1.2307724530181081,0.6619866717580826,0.4379920440547233,0.7271399814204381,19.511260237166262,51.16344950397705
NRTI,AZT,1483,185,185,ElasticNet,28.629251862781548,"{""model__alpha"": 0.1, ""model__l1_ratio"": 0.2}",1.753693529870361,4134.721777959847,18.739717403568413,0.5009103034910947,0.4609661601856412,25.77087733869249,0.3253920041557182,0.5710228506973535,0.3869753321631571,0.5882048529520714,22.47828765509765,28.82660650716081
NRTI,AZT,1483,185,185,Lasso,29.129379022108584,"{""model__alpha"": 0.1}",0.30159331392496824,4172.441890684446,18.630094417403036,0.4963572233510106,0.47196502666758766,25.506597717735175,0.3343593356068571,0.5821498198344599,0.38301279515251135,0.5871390770273578,22.24798951445177,28.614000288211347
NRTI,AZT,1483,185,185,MLP,27.97209174337591,"{""model__alpha"": 0.01, ""model__hidden_layer_sizes"": [64]}",7.9315741723403335,5336.141366775231,16.626313234528332,0.35589059716938254,0.4484103401321706,26.069292609471272,0.3012736365814586,0.5846851820579314,0.11308209497152105,0.534881390111946,21.91823341538263,29.804332054148613
NRTI,AZT,1483,185,185,PoissonGLM,59.47913993267006,"{""model__alpha"": 1.0}",0.37896252796053886,4054.3301923742806,18.712898002009457,0.5106141274014828,-0.2774260345759636,39.67245444590525,-1.0606947361992485,0.31479458045393366,0.37705482481288216,0.6269734328678551,27.84521026421869,51.60766828166004
NRTI,AZT,1483,185,185,RBF-SVR,27.769395169410203,"{""model__C"": 100.0, ""model__epsilon"": 1.0}",3.4395316620357335,8200.27470621544,17.379738547138142,0.010169768560794878,0.4300113819148841,26.50051295146132,0.2970956657729992,0.553203792452137,-0.9525605088006986,0.5079864008273081,22.482262018601944,30.237095442166314
NRTI,AZT,1483,185,185,RandomForest,24.016469205980158,"{""model__max_depth"": 16, ""model__max_features"": 1.0, ""model__min_samples_leaf"": 2}",31.714257515966892,2868.3523076777483,13.491244300219444,0.6537699125608717,0.5995402057033601,22.212664065520112,0.4639211542119025,0.7111127350400812,0.5285052252100255,0.7562899344442204,18.561323598234946,25.97114539987659
NRTI,AZT,1483,185,185,Ridge,30.335065597394166,"{""model__alpha"": 10.0}",0.23534132493659854,4327.944993830919,19.171154804325568,0.4775869164903974,0.4405724794092495,26.253856207078883,0.2864802701368825,0.5569957765709321,0.35683938651951486,0.5712336162488642,22.89279855462451,29.471834630512344
NRTI,D4T,1478,184,184,DIPS-PR,,"{""kappa"": 0.05, ""lambda"": 15.0, ""max_pattern_length"": 4, ""min_support"": 33}",94.65414313646033,467.3780935982661,1.1379836435212187,0.3975346581269761,0.08534016239947873,7.093754039677403,0.05450023387365495,0.7079775312924586,0.28018611501507346,0.7773458410455371,0.9099032532448409,12.189947965668214
NRTI,D4T,1478,184,184,ElasticNet,5.285675830865422,"{""model__alpha"": 0.1, ""model__l1_ratio"": 0.2}",0.5560820130631328,1058.8527353950253,1.6434660672063734,-0.36489511160374377,0.09666904761205919,7.049685894791104,-0.23188493198985108,0.3360029344440811,-4.225121375232333,0.09673255938562751,1.419010818642725,12.010993713830736
NRTI,D4T,1478,184,184,Lasso,5.832021179278933,"{""model__alpha"": 0.1}",0.25072381272912025,715.6986798942439,1.3716419032659173,0.07744146384579886,0.10784094423750734,7.005956966133845,0.08146102549764848,0.5980092895527697,-1.6449706809682891,0.2651025010911852,1.0858449229599487,12.012775412990962
NRTI,D4T,1478,184,184,MLP,4.236279185635818,"{""model__alpha"": 0.001, ""model__hidden_layer_sizes"": [128]}",7.695595660246909,951.327838817328,1.7367511328433343,-0.2262920737980707,0.06499951299737405,7.172197494477448,-0.6396440887067667,0.2529464648047696,-3.225086722907353,0.11090901269163761,1.5566555665551396,12.191014005127014
NRTI,D4T,1478,184,184,PoissonGLM,3.86167078230938,"{""model__alpha"": 1.0}",0.3593429778702557,559.599664485089,1.17267972145558,0.27865809760047056,0.05369436504988645,7.215426953390614,0.019283756845435894,0.7294612496044586,0.1286971374072486,0.7555491717557806,0.8916549038626169,12.41723669718896
NRTI,D4T,1478,184,184,RBF-SVR,4.115998866203415,"{""model__C"": 100.0, ""model__epsilon"": 0.01}",3.540405889041722,583.3202631365366,1.3226726014160857,0.24808148570590272,0.05283876817632427,7.218688110099527,0.021913400047884453,0.6353616153243322,0.1293522666627761,0.6025518845318382,1.0388736484245973,12.39430789390348
NRTI,D4T,1478,184,184,RandomForest,3.823152080330543,"{""model__max_depth"": null, ""model__max_features"": ""sqrt"", ""model__min_samples_leaf"": 1}",29.17559323599562,635.4560409655419,1.0653417595840151,0.18087679715974658,0.03731922156466272,7.277588099527268,-0.0026951827860789254,0.8385991784040759,-0.01904253269687395,0.8378680173745972,0.7339195014788263,12.551740138735154
NRTI,D4T,1478,184,184,Ridge,7.140810852690957,"{""model__alpha"": 10.0}",0.2510505970567465,1323.6262155755503,2.0070735038149423,-0.7061966134087956,0.0652161748022193,7.171366462137272,-1.454573236866093,0.09043426264514948,-6.164899095663191,-0.030082490138301523,1.8677331460489062,12.07478631848425
NRTI,DDI,1481,184,184,DIPS-PR,,"{""kappa"": 0.05, ""lambda"": 12.0, ""max_pattern_length"": 4, ""min_support"": 33}",99.03432267298922,195.48792935089926,0.8561137013744831,0.7406419004054424,0.40137288964666096,5.764357582608127,0.23098109659167998,0.8717432205460276,0.31989453494083964,0.8386410941677418,0.6532090305015227,9.909575202638914
NRTI,DDI,1481,184,184,ElasticNet,2.8800408816079206,"{""model__alpha"": 0.1, ""model__l1_ratio"": 0.8}",0.5731285871006548,289.809057476027,1.0199264736827125,0.6155040025138693,0.28416017287636486,6.303483958627878,-0.13132425678079518,0.804172946722346,-0.13618572881133664,0.7063003161966406,0.8494929023473604,10.819325363898546
NRTI,DDI,1481,184,184,Lasso,2.8738659159441142,"{""model__alpha"": 0.1}",0.24124509887769818,283.94784859689656,1.007740275481621,0.6232801961707644,0.28369479497208216,6.305532619110296,-0.08584075943556829,0.8088449483237923,-0.040470605293155985,0.7216704410733702,0.8341235399338723,10.82545766623311
NRTI,DDI,1481,184,184,MLP,2.37691027476602,"{""model__alpha"": 0.0001, ""model__hidden_layer_sizes"": [64, 32]}",8.661657014861703,376.4946804302503,1.282616307369871,0.5004962958680969,0.2643923646068963,6.389926127599063,-1.7667071881268896,0.6884502589974927,-1.4063690907365636,0.6097633535552747,1.0916255981713587,10.896134152282997
NRTI,DDI,1481,184,184,PoissonGLM,1.608926072218322,"{""model__alpha"": 0.01}",0.39647563779726624,249.06194857079498,0.9515435693863418,0.669564080620604,0.3199856872320237,6.143724746813351,0.07875002775600623,0.7909016957905436,0.13193698870946668,0.7712166326340043,0.8116945398934046,10.548122297786113
NRTI,DDI,1481,184,184,RBF-SVR,2.769668293010693,"{""model__C"": 100.0, ""model__epsilon"": 0.01}",3.3024224378168583,279.6570578359127,1.0727597326587839,0.6289728818584269,0.2873804265778733,6.289289653440229,-0.036101361203607796,0.8057389450389122,-0.002579766532716686,0.7171809497937105,0.868270144545153,10.794951117592056
NRTI,DDI,1481,184,184,RandomForest,2.213327592113874,"{""model__max_depth"": null, ""model__max_features"": ""sqrt"", ""model__min_samples_leaf"": 1}",29.30885336175561,253.11605927361506,0.9202996269632137,0.6641854035282604,0.2902449690247265,6.27663628328836,0.24182167700772936,0.7903201248369025,0.3592868598446653,0.8073305527837492,0.7239101245476209,10.79173528355841
NRTI,DDI,1481,184,184,Ridge,3.250411010157148,"{""model__alpha"": 10.0}",0.2511538197286427,836.7415354393781,1.4085489864376544,-0.1101232449695031,0.2613114516770454,6.403293468278133,-1.368952594732484,0.6154842408117575,-7.566520537834806,0.40257685137918814,1.329561955342317,10.889193630643868
NRTI,TDF,1240,154,154,DIPS-PR,,"{""kappa"": 0.05, ""lambda"": 15.0, ""max_pattern_length"": 4, ""min_support"": 27}",108.77169920923188,94.57052261298259,0.6850418496484958,0.4958082008399226,0.3810099731754536,1.4337707657127894,-0.05337441374222195,0.7140886892760153,0.22399928772944525,0.7046103765252805,0.8752964423420253,2.0531529398899977
NRTI,TDF,1240,154,154,ElasticNet,2.8058586920672632,"{""model__alpha"": 0.1, ""model__l1_ratio"": 0.5}",0.3707868452183902,267.762402023968,0.9014097510249935,-0.4275442653137578,0.2842777141993107,1.5417365389254747,-0.04382412539326754,0.5075808914829131,-1.7941837458003045,0.1707628125987346,1.063110497817994,2.0962270046015505
NRTI,TDF,1240,154,154,Lasso,2.810486043079079,"{""model__alpha"": 0.1}",0.2285973229445517,203.0707625802613,0.8918621743729424,-0.08264827467597469,0.29655564715769234,1.528455393820464,0.032180190013829775,0.4844452517915752,-0.9743905866971257,0.32117586542930493,1.028179013592365,2.0799815554539998
NRTI,TDF,1240,154,154,MLP,2.809384659583735,"{""model__alpha"": 0.01, ""model__hidden_layer_sizes"": [128]}",5.246355269104242,844.1603417955334,1.086131670913547,-3.5005431898823742,-0.0036901990429569764,1.8257349812717165,-0.488503242922379,0.43315979653189496,-6.857020184459715,-0.6001555484061206,1.2120786936952588,2.5264483944736047
NRTI,TDF,1240,154,154,PoissonGLM,2.642200148332922,"{""model__alpha"": 1.0}",0.2746057896874845,107.40826128380195,0.8026023603676675,0.42736528248918126,0.34059517682535934,1.4798372492445837,0.055751259430873695,0.6129654925442332,0.21196078083820255,0.6081726577031282,0.960803612888426,2.0346593585154946
NRTI,TDF,1240,154,154,RBF-SVR,2.6637038583283354,"{""model__C"": 10.0, ""model__epsilon"": 0.1}",2.2059064959175885,113.7724481920084,0.7307760061752235,0.39343535634749016,0.27733066468533474,1.5492007856388055,0.14634311133513184,0.4440256669930913,0.2526608151440978,0.5322956415235423,0.884861735528299,2.1715431159592087
NRTI,TDF,1240,154,154,RandomForest,2.5272696567824653,"{""model__max_depth"": 16, ""model__max_features"": 1.0, ""model__min_samples_leaf"": 5}",27.58106195461005,97.07366088451542,0.7002366490887748,0.48246300876738435,0.33651083353641176,1.4844132188433463,0.08185598867143111,0.5970211398376323,0.25609601467970894,0.6825993769889206,0.8485795028573998,2.148118081759367
NRTI,TDF,1240,154,154,Ridge,3.174505707572409,"{""model__alpha"": 10.0}",0.21075101662427187,575.7777783204839,1.2385564159240394,-2.0696926055470946,-0.05273931653530051,1.869813609571157,-1.0394076001166241,0.30346027316115654,-5.039468407861195,-0.7463690138671019,1.4193517873361468,2.3770793822282257
PI,ATV,1205,150,150,DIPS-PR,,"{""kappa"": 0.05, ""lambda"": 500.0, ""max_pattern_length"": 4, ""min_support"": 27}",97.88635602872819,1607.6726281672084,12.298285701994788,0.7589186736031435,0.6826773298255878,19.927436170100925,0.5834685125991251,0.7678009564493553,0.6858237546154325,0.8201317609742702,16.25040081266801,23.518766696240764
PI,ATV,1205,150,150,ElasticNet,20.912243756813993,"{""model__alpha"": 0.1, ""model__l1_ratio"": 0.8}",0.18274367973208427,3600.0954280178403,15.097399571893499,0.46014147051116483,0.6519663435890696,20.869473790395087,0.5513923500788527,0.7362510796184588,0.1914616209375557,0.6263111158949897,17.53734040658157,23.90548088079064
PI,ATV,1205,150,150,Lasso,20.91729466109619,"{""model__alpha"": 0.1}",0.08984343986958265,3591.6575446029547,15.034449614822794,0.4614067878960617,0.6539105521907385,20.811100938118468,0.5534499876975918,0.7389204098136203,0.19298809235593814,0.6283171333943629,17.470462389483902,23.881170577238695
PI,ATV,1205,150,150,MLP,20.81619133219561,"{""model__alpha"": 0.0001, ""model__hidden_layer_sizes"": [64, 32]}",6.404974742792547,4117.394384278933,12.417845527324697,0.3825690118313727,0.6675962245735746,20.39547623604752,0.5445971751238431,0.7657565075876528,0.10318190722535697,0.5665788329101435,16.538682058400386,23.961593591857586
PI,ATV,1205,150,150,PoissonGLM,27.468094342616094,"{""model__alpha"": 1.0}",0.1605184250511229,1648.2797132457881,12.674511530450477,0.7528293680067581,0.6374273828860487,21.300920788283527,0.526147161669886,0.7335490769197419,0.6684274271411615,0.8192668640464993,17.199611994423073,25.289559533578107
PI,ATV,1205,150,150,RBF-SVR,22.006570800613257,"{""model__C"": 100.0, ""model__epsilon"": 0.01}",1.816696209833026,2508.5535417069095,12.261641423660118,0.6238255198375284,0.6714976675100746,20.27543149280795,0.5489105171799229,0.7665359291488132,0.4900701955161972,0.7302682908276547,16.286159772265997,23.870073027661523
PI,ATV,1205,150,150,RandomForest,20.894306723589825,"{""model__max_depth"": null, ""model__max_features"": 1.0, ""model__min_samples_leaf"": 1}",19.81211730791256,1161.4951197674548,10.203034721340385,0.8258259926983776,0.7638438995081855,17.190973115549422,0.6859608069697138,0.825499717067003,0.765740310452049,0.8745086651955387,14.38926625560679,19.93329587280635
PI,ATV,1205,150,150,Ridge,21.10494765570412,"{""model__alpha"": 10.0}",0.09805147396400571,3557.2842620509714,15.141073969544182,0.46656129286495773,0.6510306866611311,20.897507805306716,0.5464428284319289,0.7376285431403463,0.1969581242701238,0.632909847417858,17.566756611211247,23.92231571255743
PI,DRV,795,99,99,DIPS-PR,,"{""kappa"": 0.05, ""lambda"": 500.0, ""max_pattern_length"": 4, ""min_support"": 17}",22.90203487314284,894.879259631785,7.876942320207572,0.6842740220640449,0.5034759078885669,17.02171430130523,0.019940728441903775,0.7595088868333602,0.4742720080420183,0.8088408422749944,10.035295365500737,22.956135203085946
PI,DRV,795,99,99,ElasticNet,15.656639123203192,"{""model__alpha"": 0.1, ""model__l1_ratio"": 0.2}",0.13627321692183614,1718.1319558577588,10.902468510014986,0.393818902217701,0.5007516213958212,17.0683470764937,-0.07677704907951881,0.6832612147189614,-0.13795315000179142,0.5766535708114211,13.400635639561557,20.625438254646575
PI,DRV,795,99,99,Lasso,15.814086153076886,"{""model__alpha"": 0.1}",0.06165443826466799,1813.1300131248706,10.676334668258816,0.36030225266989935,0.511490112169142,16.88378500141434,-0.07137535643323317,0.7017389243549955,-0.23230458717457417,0.559685325974205,13.22343335304771,20.529676747110127
PI,DRV,795,99,99,MLP,14.791288121677931,"{""model__alpha"": 0.01, ""model__hidden_layer_sizes"": [128]}",6.29853588109836,1283.1492671791318,8.137825149895663,0.547286907303415,0.6213227865571346,14.865096066760499,0.08627295713646248,0.8033777381312451,0.11376146416212182,0.7117433790789464,10.36848896749578,19.422455713648354
PI,DRV,795,99,99,PoissonGLM,28.982421880752458,"{""model__alpha"": 1.0}",0.1596521269530058,876.5163483651841,7.607312061578177,0.6907527152005739,0.504519383443232,17.003818810715416,0.04742917698935372,0.753677823447395,0.4797541229270728,0.8300860219864572,10.703501082863548,22.53552695465339
PI,DRV,795,99,99,RBF-SVR,16.44879079890441,"{""model__C"": 100.0, ""model__epsilon"": 0.01}",0.8891640892252326,1506.9160945420376,9.641517095860495,0.4683388261646819,0.4510685088506121,17.897493236281285,-0.045337415318101135,0.6712443314799058,0.08431531291757247,0.6304682989986248,12.364080321240827,22.957805081600362
PI,DRV,795,99,99,RandomForest,13.336916593515577,"{""model__max_depth"": 16, ""model__max_features"": 1.0, ""model__min_samples_leaf"": 5}",14.07896676287055,844.0908532374497,7.569744553396883,0.7021928855353674,0.5039136973333072,17.014208552538935,-0.12375618184970721,0.7673175427945269,0.4406744671923191,0.8323137162329939,11.019577306803958,22.519768922391833
PI,DRV,795,99,99,Ridge,15.975826556972597,"{""model__alpha"": 10.0}",0.08809613017365336,1817.861800323025,11.002986879397236,0.3586328116537596,0.4991145246251444,17.09630877632533,-0.106881364154115,0.690117596775711,-0.24826945090885238,0.5611134614588645,13.398273279119932,20.713225837218484
PI,FPV,1642,205,205,DIPS-PR,,"{""kappa"": 0.05, ""lambda"": 500.0, ""max_pattern_length"": 4, ""min_support"": 36}",86.13200037786737,1786.430520662228,7.671413646789818,0.6768273060262657,0.5263585758818469,15.753761548044782,0.37742982229885935,0.6540502383560663,0.5707223549745921,0.7630098468310577,11.89834693153846,19.497556105551414
PI,FPV,1642,205,205,ElasticNet,16.354624673278188,"{""model__alpha"": 0.1, ""model__l1_ratio"": 0.8}",0.27296879794448614,4722.868144690157,9.97488971027329,0.14561355510403418,0.4877920785277492,16.38259042808179,0.2935979132059493,0.6247268268856858,-0.2101048011373577,0.36891715199523045,12.873677634220776,19.958502612830166
PI,FPV,1642,205,205,Lasso,16.357086115869333,"{""model__alpha"": 0.1}",0.2016831012442708,4684.057869650222,9.959041301082213,0.15263449490183167,0.4906675725886783,16.33654043458689,0.299422276076159,0.6246674618605605,-0.20191195806721376,0.3723617449004346,12.840474408359356,19.862152419451338
PI,FPV,1642,205,205,MLP,16.042855157239142,"{""model__alpha"": 0.01, ""model__hidden_layer_sizes"": [64]}",6.20742919202894,7176.429868321511,8.17371062443817,-0.2982459417449377,0.48069323646711126,16.495725382984716,0.2529419518818602,0.658989167683663,-1.6287282618703078,0.4636934995121891,11.795026657082625,21.189342794782903
PI,FPV,1642,205,205,PoissonGLM,20.1850037596742,"{""model__alpha"": 1.0}",0.16328417602926493,3080.2437669654223,10.255781286756308,0.44277112109739025,-2.313559965687581,41.66840202945456,-9.885047267568936,0.6209898914021361,-0.053763306607083186,0.7375578496760784,12.888901402045855,68.8546126921146
PI,FPV,1642,205,205,RBF-SVR,17.09699587203063,"{""model__C"": 100.0, ""model__epsilon"": 0.01}",3.4252937640994787,6019.480593544777,8.22683649308185,-0.08894901718167336,0.46305359721128914,16.773546504379404,0.2879225018473123,0.6041855523179843,-1.2128298114422358,0.5479380236674339,12.856281912196586,20.62690524113138
PI,FPV,1642,205,205,RandomForest,15.48451084242542,"{""model__max_depth"": null, ""model__max_features"": 1.0, ""model__min_samples_leaf"": 2}",23.651944653131068,1428.711859035454,6.816070506169056,0.7415400962666321,0.5994799912876734,14.486769062186987,0.4474788852696068,0.7043448281664043,0.6222025797830352,0.826025817703721,11.118910432155095,17.530966935706285
PI,FPV,1642,205,205,Ridge,16.53710597211108,"{""model__alpha"": 10.0}",0.9091161233372986,4999.202075628438,10.252311454391299,0.09562360035081419,0.46318898712282064,16.77143166373742,0.24002235415111783,0.6167302124618776,-0.27569819558018627,0.3410555336694987,13.063781750804633,20.563308577215285
PI,IDV,1680,209,209,DIPS-PR,,"{""kappa"": 0.05, ""lambda"": 300.0, ""max_pattern_length"": 4, ""min_support"": 37}",89.9121412918903,2021.47312911262,10.336718699536469,0.7315160175885291,0.6095786574237814,18.66611824564386,0.5025564176425822,0.7035355704795888,0.6612859814351135,0.7937803708174362,15.215424141278016,21.83571828647304
PI,IDV,1680,209,209,ElasticNet,20.134444072938745,"{""model__alpha"": 0.1, ""model__l1_ratio"": 0.2}",0.174642498139292,3891.9758617469492,14.121500921428739,0.48308331990055264,0.5205878752351119,20.684343631323028,0.4155603579996216,0.5928827807642301,0.3692795888817605,0.5642852310469277,17.895954511844252,23.323522161328075
PI,IDV,1680,209,209,Lasso,20.22872709407746,"{""model__alpha"": 0.1}",0.09330530790612102,3968.0771128690667,14.082099253647185,0.4729758558568774,0.5273736482269382,20.537435080712996,0.4166512060887732,0.6039652405327761,0.35285826785414026,0.5590633813858404,17.774350373826444,23.148244725057097
PI,IDV,1680,209,209,MLP,19.628054244513674,"{""model__alpha"": 0.001, ""model__hidden_layer_sizes"": [128]}",7.252167547121644,3656.904663731848,12.376841702715387,0.5143045369844695,0.5627475892469747,19.753922413369754,0.43429727145691704,0.6570125702281432,0.3842830141827428,0.615271256253401,16.72784620110573,22.544891927972756
PI,IDV,1680,209,209,PoissonGLM,23.048960506126516,"{""model__alpha"": 1.0}",0.16707576205953956,2233.541022112057,11.237691467164215,0.7033500075465888,0.5648389841668462,19.706623906628504,0.457312526770145,0.6572128437929222,0.6204660049680669,0.7709311505894034,16.317244392765947,22.811630157352287
PI,IDV,1680,209,209,RBF-SVR,18.686085160833954,"{""model__C"": 100.0, ""model__epsilon"": 1.0}",3.0671402318403125,3346.203357406359,12.17661727811865,0.5555706428066787,0.5448563802174439,20.154009871922643,0.4419317213948071,0.6308550296894847,0.4574040781500089,0.629793681883488,17.00745839352674,23.167696844270598
PI,IDV,1680,209,209,RandomForest,17.636954082008238,"{""model__max_depth"": null, ""model__max_features"": 1.0, ""model__min_samples_leaf"": 1}",24.92071640584618,1936.3122850439468,9.996146904969033,0.7428267405616891,0.6404635463297583,17.912603078569763,0.5309036594445851,0.7324145963506962,0.66587509406507,0.8045528223037596,14.867571891363916,20.85402422525842
PI,IDV,1680,209,209,Ridge,20.528654189249064,"{""model__alpha"": 10.0}",0.20358561677858233,4060.8124363227025,14.333472491056956,0.4606591208023889,0.5151534951287204,20.80124704913528,0.3987546720761487,0.5971943974932439,0.3377477367072447,0.5497298326133591,17.970508937122297,23.444166247451264
PI,LPV,1447,180,180,DIPS-PR,,"{""kappa"": 0.05, ""lambda"": 300.0, ""max_pattern_length"": 4, ""min_support"": 32}",95.8853639238514,1755.7841875397994,12.458523656712511,0.8047724833420753,0.6129214443425209,23.966289301359698,0.2891353634378474,0.8044539665717214,0.7259246103957987,0.8637223847848929,16.827125232580254,32.63637549646256
PI,LPV,1447,180,180,ElasticNet,19.99422711439782,"{""model__alpha"": 0.1, ""model__l1_ratio"": 0.8}",0.269732850138098,3808.783353495184,15.07059343591138,0.5764973162033034,0.6795110011475913,21.80759659179647,0.5537043661844085,0.7703341017813813,0.4287868898661347,0.6805814449613855,18.272502218480906,25.449644126187724
PI,LPV,1447,180,180,Lasso,19.99458594232972,"{""model__alpha"": 0.1}",0.18478348199278116,3805.732807506421,15.02826897868899,0.5768365096657252,0.6789331899047162,21.827246252463333,0.5516883404578331,0.7707781650330242,0.4293846638852452,0.6821126423850159,18.246362245800384,25.493604719204686
PI,LPV,1447,180,180,MLP,19.236492700170402,"{""model__alpha"": 0.01, ""model__hidden_layer_sizes"": [128]}",8.12264412874356,6169.278919263719,12.479158216227036,0.31403129637158755,0.7166539068484592,20.505003887383666,0.5845031046574074,0.8118314004131977,-0.5207710162551386,0.7493282507035385,16.538300599195775,24.606194534255643
PI,LPV,1447,180,180,PoissonGLM,27.71300870096384,"{""model__alpha"": 1.0}",0.2637383691035211,2058.2421176242096,14.417593124537264,0.7711418634726631,0.5028157641767657,27.16188565176948,0.20565960918875772,0.7317309363650379,0.6959717456494136,0.8309985345165745,19.36945353376663,35.056529729724645
PI,LPV,1447,180,180,RBF-SVR,21.24358549837577,"{""model__C"": 100.0, ""model__epsilon"": 0.1}",2.528296639677137,2748.27566461304,13.40052772342933,0.6944162973436908,0.6680828931336505,22.193002378478123,0.558322827858979,0.7554725239328152,0.6073072703111537,0.7682275384861732,18.834859340341197,25.64418289084793
PI,LPV,1447,180,180,RandomForest,19.03659421929267,"{""model__max_depth"": 16, ""model__max_features"": 1.0, ""model__min_samples_leaf"": 2}",21.086511929053813,1629.1180362741338,11.16467564639899,0.8188566278125086,0.7389085400137233,19.683284733176997,0.6228332800796355,0.8224389732091922,0.7402257912391139,0.8782892124888201,16.270678142088705,23.306246572008057
PI,LPV,1447,180,180,Ridge,20.172492672803642,"{""model__alpha"": 10.0}",0.1773073640652001,4680.03243710531,15.326305855994148,0.4796222012599175,0.6686660548779859,22.173497810363955,0.5354015072984261,0.7656070929166864,0.2155344886266898,0.6509890741317202,18.514645088449857,25.916315479049306
PI,NFV,1707,213,213,DIPS-PR,,"{""kappa"": 0.05, ""lambda"": 300.0, ""max_pattern_length"": 4, ""min_support"": 38}",88.82691937265918,2544.491894989632,13.329024733816535,0.7090633190393412,0.5282949415236966,22.999912666820812,0.3334702253290075,0.6688285643572367,0.627057690886373,0.7779193990424748,18.851546928863247,27.242948252970443
PI,NFV,1707,213,213,ElasticNet,21.949504258569974,"{""model__alpha"": 0.1, ""model__l1_ratio"": 0.5}",0.284546229057014,3522.387780977653,14.578102645200588,0.597250904169929,0.6242991723417464,20.526362580641702,0.5412091439422342,0.6924633875690739,0.5274394574421808,0.6548180127008643,18.126851028002914,22.79115265256745
PI,NFV,1707,213,213,Lasso,21.965422911889064,"{""model__alpha"": 0.1}",0.20505647081881762,3625.5696996909383,14.543034114439559,0.5854531047645911,0.626215397413489,20.47394931760059,0.5403272136937433,0.6971649979465504,0.512006918119323,0.6449250437572207,18.056664542845812,22.72069986880784
PI,NFV,1707,213,213,MLP,21.786378841442072,"{""model__alpha"": 0.0001, ""model__hidden_layer_sizes"": [64, 32]}",7.032555527985096,3826.6622672607364,12.890537744672223,0.5624602218672956,0.6356104499241203,20.215006117206073,0.514173409225421,0.7288035187061146,0.4719416762052095,0.6363168934306509,17.2669269539402,23.08029545056973
PI,NFV,1707,213,213,PoissonGLM,30.671132550121015,"{""model__alpha"": 1.0}",0.2677187849767506,2509.1923907956857,12.920145085882748,0.7130994571028839,0.5845524559633475,21.58484916454281,0.4341343380968895,0.7046760922122531,0.6385632797384079,0.7779196861192209,17.893295834112635,25.157382219417283
PI,NFV,1707,213,213,RBF-SVR,21.937560801978922,"{""model__C"": 100.0, ""model__epsilon"": 1.0}",2.9549801382236183,3219.2312729771047,13.313254842265238,0.6319137570652267,0.5983929025311185,21.22225897145645,0.4965539985108856,0.6802158050101028,0.5508497364099219,0.6986533237970811,18.35572096246437,23.870893129227586
PI,NFV,1707,213,213,RandomForest,20.027676067525196,"{""model__max_depth"": null, ""model__max_features"": 1.0, ""model__min_samples_leaf"": 1}",25.078847508877516,2123.101999244903,11.941951197928312,0.757244953219327,0.6318810879112164,20.31818849914446,0.5248367577927998,0.7235313388542832,0.6842489377661876,0.8169337940761913,17.280626973996917,23.2439843732658
PI,NFV,1707,213,213,Ridge,22.206020714526133,"{""model__alpha"": 10.0}",0.18064687633886933,3694.969747628409,14.73665365373946,0.5775179175292942,0.6203032595755493,20.63523193539059,0.5300159208294332,0.6936363797127448,0.5013447002783074,0.637731273626566,18.210061130051056,22.913864650361834
PI,SQV,1668,208,208,DIPS-PR,,"{""kappa"": 0.05, ""lambda"": 700.0, ""max_pattern_length"": 4, ""min_support"": 37}",82.88231696886942,3054.162352476822,14.12576644518431,0.704451569440486,0.5590997205584298,25.071707540343077,0.38628096492846764,0.701505622478777,0.6037124081493882,0.7877794561598966,19.959102267222082,30.44516903659247
PI,SQV,1668,208,208,ElasticNet,20.443429004033376,"{""model__alpha"": 0.1, ""model__l1_ratio"": 0.8}",0.3658945020288229,4047.075312073448,15.075432880191661,0.608368312224967,0.6432698542335885,22.551925685174798,0.5508847321684127,0.7229346752394525,0.5241980490016868,0.6757749795850421,19.056367861556723,25.649245131353137
PI,SQV,1668,208,208,Lasso,20.450364739823392,"{""model__alpha"": 0.1}",0.19227378210052848,4042.556355000188,15.07075109036766,0.6088056074688445,0.645520518733448,22.480671361970956,0.552467112122427,0.7250335705149059,0.5240406443899275,0.6764016708392997,18.98715105692093,25.58583634131556
PI,SQV,1668,208,208,MLP,20.023385193594173,"{""model__alpha"": 0.001, ""model__hidden_layer_sizes"": [128]}",7.9972941521555185,7104.942994369973,13.768795005496454,0.3124613203689225,0.6308858017872097,22.94003634107843,0.510262263195747,0.7367040802465971,-0.472413763858002,0.6702745499069911,19.089582593450356,26.568574206259868
PI,SQV,1668,208,208,PoissonGLM,32.3740947073965,"{""model__alpha"": 1.0}",0.26666281186044216,3648.550922399781,14.592216936353564,0.6469331441869033,0.49060135767191004,26.94899772038732,0.35100595935029694,0.6250410924178249,0.5178853714253361,0.7530128533595226,22.043299021023806,31.369265846503193
PI,SQV,1668,208,208,RBF-SVR,21.213157309768505,"{""model__C"": 100.0, ""model__epsilon"": 0.1}",3.30601933831349,3237.1927490910666,13.717144118426003,0.6867398893720846,0.6144195285825911,23.44613391029331,0.5188458629760857,0.6981337859146619,0.5967726063462268,0.7563352480461356,19.70805894226755,26.855639428128576
PI,SQV,1668,208,208,RandomForest,18.634974455630076,"{""model__max_depth"": 16, ""model__max_features"": 1.0, ""model__min_samples_leaf"": 1}",23.651622040197253,2445.011805415683,11.522784508877283,0.7633984973968168,0.6742557029930337,21.55024126253136,0.5524663202576824,0.7738828961187879,0.6753425970308128,0.83215877521215,17.427467021883924,25.36434983038833
PI,SQV,1668,208,208,Ridge,20.662095036688765,"{""model__alpha"": 10.0}",0.17742833076044917,4104.718180966188,15.267904215856293,0.6027902657860207,0.6391754507999476,22.68097735352533,0.545085684257127,0.721673698497625,0.5159139003585741,0.6712402294976316,19.20424418119373,25.790352564149813
PI,TPV,982,122,122,DIPS-PR,,"{""kappa"": 0.05, ""lambda"": 500.0, ""max_pattern_length"": 4, ""min_support"": 22}",47.80757134780288,1019.4804925812078,5.7739886795652895,0.5543009430041781,0.30543990027657975,15.02161566505102,0.05613487363044595,0.41349944155729534,0.3278873253348013,0.6406153627777116,7.944082240579035,20.893259356743872
PI,TPV,982,122,122,ElasticNet,16.555418999897466,"{""model__alpha"": 0.1, ""model__l1_ratio"": 0.2}",0.4109360110014677,1974.4665405130497,7.369946950669369,0.13679773023575503,0.21027220021291682,16.01771063893254,-0.12545858578585012,0.29318980741441947,-0.7198944862504117,0.3138885543063966,9.307486569318497,21.96475782257772
PI,TPV,982,122,122,Lasso,16.706033947524144,"{""model__alpha"": 0.1}",0.06420066300779581,2007.4793253637577,7.392631269655524,0.12236511756308599,0.21530676925736836,15.966572001993447,-0.1382774600452146,0.31787771626651334,-0.7522354175643481,0.30827783738346365,9.238162723966335,21.961282327915825
PI,TPV,982,122,122,MLP,16.347858624682065,"{""model__alpha"": 0.001, ""model__hidden_layer_sizes"": [128]}",4.3970415238291025,1894.2877666200282,7.14838635686811,0.17185048914114864,0.16661468743744035,16.454498555175235,-0.26721291323002544,0.24463143308255997,-0.645694806943366,0.33636621582723464,9.691152927498267,22.279573893959522
PI,TPV,982,122,122,PoissonGLM,20.980540603410798,"{""model__alpha"": 1.0}",0.14670334802940488,1143.8809741961445,6.112251039288984,0.4999152262110862,-0.05900044256035386,18.548543015299124,-1.611473205299328,0.2683531725998267,0.28059100651870783,0.5825233338047718,9.744269645162916,25.568017963969208
PI,TPV,982,122,122,RBF-SVR,16.42404800163557,"{""model__C"": 100.0, ""model__epsilon"": 1.0}",1.01244042115286,2026.5336221309526,6.532635514942038,0.11403491197047544,0.12602799861151126,16.850410703989198,-0.12089987563723442,0.2287126639544083,-0.5042440034525512,0.29515222060622787,9.076238458177178,23.508473376593788
PI,TPV,982,122,122,RandomForest,16.015395166204584,"{""model__max_depth"": 16, ""model__max_features"": ""sqrt"", ""model__min_samples_leaf"": 1}",15.394525420852005,1219.076079940979,6.149461420941514,0.4670412399356654,0.20113797072159034,16.11007715387066,-0.04547456937866558,0.2676835923107467,0.2465896549848927,0.5411052306258469,8.958156405654067,22.286760650317667
PI,TPV,982,122,122,Ridge,16.79004123890491,"{""model__alpha"": 10.0}",0.07354880822822452,1929.8430982913137,7.672986153126,0.15630631942688278,0.2093697120627852,16.02686041588356,-0.19470010530843646,0.3017541383625212,-0.6989345742642188,0.3337927425171119,9.443089552499764,21.891443684814757
