size,weight,model,seeds,r2_mean,r2_std,pr2_mean,pr2_std,time_mean,time_std
n1500,large,DIPS-PR,5,0.8716162128147552,0.16581152047814962,0.9305081787094418,0.013728311367074312,780.3707127837464,147.38399161373567
n1500,large,ElasticNet,5,0.30858896247609435,0.05545082988105491,0.35080837405446486,0.08152973896721549,0.21031350465491414,0.05697014697095641
n1500,large,Lasso,5,0.3082993433487377,0.052150187550480835,0.35452815454641656,0.08080215329066205,0.14304460613057018,0.05325240350608227
n1500,large,MLP,5,0.5505372936707259,0.02612475761357746,0.3397431375879133,0.22009525772446914,3.0835721122100948,0.4774469849849728
n1500,large,PoissonGLM,5,0.7615690000947486,0.04676907980938044,0.829461033531714,0.011452136331715665,0.1782256020233035,0.054725667861363236
n1500,large,RBF-SVR,5,0.24257273688752715,0.030592896245661017,0.47389178989828373,0.03794765592102244,0.8693780314177275,0.04510058807916997
n1500,large,RandomForest,5,0.5864138333639748,0.02782737189193992,0.7138677274118308,0.013860986635499072,10.71154362829402,0.37316518650245606
n1500,large,Ridge,5,0.28403247696456224,0.0587886828726575,0.2956128409216611,0.08782947015846147,0.8288982611149549,0.007607468321451809
n1500,medium,DIPS-PR,5,0.825206141312079,0.037038001808675766,0.7506441615134106,0.026137857897474248,540.6299526177347,94.96964503769479
n1500,medium,ElasticNet,5,0.40820935100750716,0.03514688249035226,0.1595567878977486,0.10250818730957069,0.21997827980667353,0.04405072036726851
n1500,medium,Lasso,5,0.41185398585763994,0.035850520085117674,0.19018076272999207,0.08731897487173705,0.1581987558864057,0.04608274784437992
n1500,medium,MLP,5,0.49582259090920644,0.03993146287156141,-0.03383606751119432,0.19066555099090532,2.3007226577959954,0.4924306304514749
n1500,medium,PoissonGLM,5,0.6854993574281003,0.06315633241528962,0.6640372203015918,0.01714900043379746,0.17658057864755392,0.04449952701205708
n1500,medium,RBF-SVR,5,0.43279948355183073,0.04755198626874743,0.37663187124017383,0.045272787559736585,0.8493282303214074,0.06276736846305804
n1500,medium,RandomForest,5,0.5762509716187385,0.05339844174713584,0.6050677107338556,0.025602700087149557,10.850911292340607,0.45253743744564195
n1500,medium,Ridge,5,0.3527445902830587,0.025854728785994735,-0.05991926333434498,0.10153942020710507,0.8296199942938983,0.009867631167666877
n1500,small,DIPS-PR,5,0.43054239007203277,0.04224606265120082,0.3684087016853188,0.04004534545350291,387.27583911353724,76.50361195106944
n1500,small,ElasticNet,5,0.3190413186722619,0.0378453322271208,0.2564945496128762,0.09893178366646171,0.23705554539337753,0.006340379354398678
n1500,small,Lasso,5,0.30808245562745573,0.03520352023509158,0.2742810639161518,0.059085993480187504,0.18550741374492646,0.024732388901690355
n1500,small,MLP,5,0.22232949787745088,0.04899207002401899,-0.22525054775879547,0.19300221656110753,1.456143870577216,0.08762996550413912
n1500,small,PoissonGLM,5,0.358059496131404,0.03988212056837395,0.3155368942113669,0.04001195212091912,0.1627309923991561,0.04470047063258513
n1500,small,RBF-SVR,5,0.2808244831051064,0.062128281289568994,0.027531359901233808,0.15837106655374256,0.8897328247316182,0.01250227485638566
n1500,small,RandomForest,5,0.35848875245612327,0.04121880151816007,0.31192862539319144,0.050168296016698255,11.23653121702373,0.06675108210298909
n1500,small,Ridge,5,0.25387182800122093,0.05889927213262478,-0.27982666108422405,0.3030481379666297,0.8285914051346481,0.005420701382597381
n3000,large,DIPS-PR,5,0.813458800695642,0.07760274004427009,0.9226115182865916,0.016371657258090734,921.6090037656016,104.04187443022904
n3000,large,ElasticNet,5,0.35782989433814977,0.0054051050093551515,0.45694529031060827,0.025001828523557562,0.346686247177422,0.006335739077837894
n3000,large,Lasso,5,0.35875792806208723,0.005324848051748137,0.4568959054653322,0.024799067819292867,0.22803541710600256,0.0018056072427181796
n3000,large,MLP,5,0.6826400198093809,0.04639111358677015,0.5768890367663787,0.2654555429621678,5.905114631447941,0.7881266641275713
n3000,large,PoissonGLM,5,0.6080327257893257,0.17863425208174508,0.8439787334161707,0.012949605778876539,0.2571530370041728,0.00503965122276349
n3000,large,RBF-SVR,5,0.2955045826898785,0.018468003345979433,0.5303084787295341,0.009007217678575806,2.9652605638839304,0.019559664174505536
n3000,large,RandomForest,5,0.6655861587039344,0.031472041665057224,0.7726361553943295,0.01507254909160572,18.879142315499486,1.1168541391933406
n3000,large,Ridge,5,0.34388851089160727,0.008147014590495763,0.4292101899713325,0.030336627880798668,0.8475797915831208,0.020010468347516595
n3000,medium,DIPS-PR,5,0.8548327684678052,0.024425413721378717,0.7679592407169937,0.01784294846339482,681.3409847327508,53.94148172428667
n3000,medium,ElasticNet,5,0.42919944200044186,0.03642847545897283,0.2299175253673753,0.078865021071612,0.33067977856844666,0.004916199317778072
n3000,medium,Lasso,5,0.4292996884012516,0.03782002690321557,0.24394826909646272,0.06646191647956703,0.21698095593601466,0.005195794050936499
n3000,medium,MLP,5,0.5926336362872875,0.032542171968735,0.2526284353371547,0.1570571318383266,3.1073262305930256,0.2105299687202883
n3000,medium,PoissonGLM,5,0.7288425750015176,0.02309815119179444,0.6952143347097095,0.013437257431211642,0.23559298273175955,0.005939843788729401
n3000,medium,RBF-SVR,5,0.49298665140842557,0.03700077601419867,0.40744238836458885,0.049772461980978774,2.9873172248713673,0.06743561253373377
n3000,medium,RandomForest,5,0.6323903275048648,0.041114200846880514,0.650519854409569,0.014895692733784988,19.153416240401565,1.157023183581529
n3000,medium,Ridge,5,0.4010168520924632,0.025095709118236026,0.10367949908597525,0.06685100240470811,0.8559552969411015,0.005091669555498691
n3000,small,DIPS-PR,5,0.4555470939001097,0.04077985563634573,0.3835504834557872,0.026030952010994472,445.24509529862553,44.73025738215017
n3000,small,ElasticNet,5,0.3360541537913104,0.016664682470669823,0.1760107812654862,0.0522139485987795,0.3052945670671761,0.04173568990100905
n3000,small,Lasso,5,0.3095420667882248,0.015984900737052332,0.2552887570936285,0.03967942041192695,0.2182036515325308,0.024994005185632925
n3000,small,MLP,5,0.28996840098211185,0.021694751054144656,-0.08656051393184742,0.23433499616531858,2.250044456124306,0.16397086311871098
n3000,small,PoissonGLM,5,0.39380567675417155,0.018375010682725897,0.339663234209638,0.017239434890543127,0.21395592456683515,0.0013497645662739787
n3000,small,RBF-SVR,5,0.30441188266415986,0.02721291053006937,0.04290993772653895,0.04380607456105623,3.0056172584183516,0.046788351986521266
n3000,small,RandomForest,5,0.3797764801440219,0.025006695841639934,0.32753008767506386,0.01564158345591875,20.34892638809979,0.06428495252936445
n3000,small,Ridge,5,0.3099045975083442,0.02058561431051282,-0.15847679242376328,0.05948869804835617,0.8546672613359988,0.01939302824891303
n500,large,DIPS-PR,5,0.9447087598524238,0.03045856666391338,0.9359063295543883,0.030800956719062054,481.3506111311726,58.465921210344874
n500,large,ElasticNet,5,0.00977845257556611,0.3666340055072474,-0.15731455232073616,0.4717714136905555,0.14017054121941327,0.004769311680956417
n500,large,Lasso,5,-0.03680435625775045,0.438936151936318,-0.1757104357061652,0.5444088069013422,0.06365928081795573,0.005870290241886664
n500,large,MLP,5,0.30117184740691005,0.14235116929526337,0.05144564631418354,0.683271371864786,1.5072772473096847,0.4476575378825482
n500,large,PoissonGLM,5,0.6549825999141718,0.10806523051835376,0.7831348912784615,0.05714941873127978,0.16980883469805122,0.001670621955315764
n500,large,RBF-SVR,5,0.16560234159745058,0.07857652142338015,0.3592285916526179,0.042750213058846964,0.18562641069293023,0.0052655615999106
n500,large,RandomForest,5,0.4574644055372946,0.06710159179788032,0.5974049134076906,0.07232188928321125,5.622947305161506,0.10126189169248473
n500,large,Ridge,5,-0.10885128312183914,0.4738527962300628,-0.31383573634730927,0.5958821092949509,0.3307686296291649,0.35674800722117156
n500,medium,DIPS-PR,5,0.8350425776502615,0.08926988639967749,0.736291927459412,0.07200481575023476,298.6878156546503,47.22598905203553
n500,medium,ElasticNet,5,0.2915842675075759,0.1494256382132702,-0.20138284493676614,0.3011664674962838,0.12395548801869154,0.0049456406880154504
n500,medium,Lasso,5,0.2998031639097804,0.14761519899021952,-0.13570334429168973,0.33211779409945513,0.05051326062530279,0.006646483634555509
n500,medium,MLP,5,0.3713869850263425,0.07774947447620237,-0.10031763882886444,0.20276293869630863,1.1003900266252458,0.2543370131683062
n500,medium,PoissonGLM,5,0.6688497382709475,0.049961879328342965,0.6403053976069778,0.03809432764420773,0.115695605520159,0.0046346722357684025
n500,medium,RBF-SVR,5,0.339490940347404,0.07730021567617953,0.2655828467345912,0.09743639586184558,0.1897329069674015,0.0045434759636775795
n500,medium,RandomForest,5,0.463926127150057,0.0701679734010492,0.5058116043346603,0.07315892438111786,5.393132045306265,0.18290694263966983
n500,medium,Ridge,5,0.10216713361343295,0.2293488456592209,-0.7234849088786743,0.2839616340742631,0.20427995286881923,0.2920756712773109
n500,small,DIPS-PR,5,0.3519974616134931,0.10033342084651979,0.30883678510952395,0.07341919191087305,245.28361415481194,33.995231841354915
n500,small,ElasticNet,5,0.22567083168581217,0.08020593421138365,0.15709770780676563,0.13953028911613533,0.0901030962355435,0.008935369822105485
n500,small,Lasso,5,0.23183992552312116,0.07275942989617114,0.18394910671396442,0.10457716704772277,0.0481271437369287,0.005769685390190279
n500,small,MLP,5,0.03853121838711739,0.13421463777688145,-0.8207025714125284,0.575047311723206,0.9088273048400879,0.15426153685510752
n500,small,PoissonGLM,5,0.26839279819487605,0.12237462811125095,0.23862052381931242,0.08868417576225586,0.06866709664463996,0.012507272537398053
n500,small,RBF-SVR,5,0.19302281098505242,0.08931833021670874,-0.0586288166821755,0.4503212933974276,0.12925733691081404,0.019685156274690817
n500,small,RandomForest,5,0.26584094951760484,0.08684940584314767,0.23805252381104625,0.07132881664989014,5.302006534487009,0.27606285954183324
n500,small,Ridge,5,-0.16419083281680014,0.2606079519104295,-1.3790712529489788,0.42815700503308013,0.8247287709265947,0.04606473990316163
