seed,size,weight,n_total,model,elapsed_seconds,Deviance,MAE,PseudoR2,R2,RMSE
44,n3000,small,3000,Ridge,0.8552913069725037,2077.1163947021296,1.1302786407826289,-0.19530518829896426,0.2981182080000553,1.5387879689843607
44,n3000,small,3000,Lasso,0.21156822703778744,1275.1475453581309,1.1106734243369247,0.2661988125938217,0.2839243669187107,1.5542692031186351
44,n3000,small,3000,ElasticNet,0.32806306099519134,1362.9709991554791,1.0983642474877224,0.2156595985921148,0.31264008356102824,1.5227860697085835
44,n3000,small,3000,PoissonGLM,0.21289629070088267,1144.9255497584795,1.0438831739538714,0.3411368504273876,0.38920358148894274,1.4354730222086733
44,n3000,small,3000,RBF-SVR,2.96136764716357,1750.9116922993458,1.1181708551294993,-0.00758620720378933,0.30164752609095746,1.5349142992296168
44,n3000,small,3000,RandomForest,20.459974862635136,1156.2760740559434,1.040131320275731,0.33460503515825935,0.3837277315469021,1.4418932432234264
44,n3000,small,3000,MLP,2.1879756217822433,1775.7538794888383,1.1257544970143007,-0.021881985385518332,0.2957666236289872,1.5413635906317655
44,n3000,small,3000,DIPS-PR,436.3959105256945,1043.771153410898,0.9683841183244792,0.3993475386112114,0.48122244332217545,1.3229315799421786
44,n500,medium,500,Ridge,0.07051345333456993,1315.673938511109,3.1245057221210177,-0.6503615087851202,0.24189295141821654,4.393332648826584
44,n500,medium,500,Lasso,0.041683854069560766,651.6429320108061,2.527405929268792,0.18258895233605565,0.3928818207793362,3.9315648105974184
44,n500,medium,500,ElasticNet,0.11756633082404733,864.0187417777977,2.604302710143655,-0.0838120544613854,0.38242963699979915,3.96526342055776
44,n500,medium,500,PoissonGLM,0.11215669102966785,271.40790148772277,1.6156889327307253,0.6595500293162497,0.7156900178036041,2.69044968559552
44,n500,medium,500,RBF-SVR,0.1877146977931261,596.5460716913843,2.408285547397858,0.2517016214134603,0.29099571985377315,4.248672435152137
44,n500,medium,500,RandomForest,5.401676293928176,377.0392317530843,2.0965026050397557,0.5270476847087378,0.4663063205079412,3.6861656718260414
44,n500,medium,500,MLP,1.0505102681927383,886.36766060047,2.5714326440472846,-0.11184620054292993,0.2956447646235163,4.2347199420986685
44,n500,medium,500,DIPS-PR,294.61201238119975,209.4652548874489,1.346769945714751,0.737249949265305,0.861511121261091,1.8777435122058992
44,n1500,large,1500,Ridge,0.8247045762836933,6929.3971839856495,10.672174450945635,0.28102117958766004,0.24817540094746848,18.116770747653643
44,n1500,large,1500,Lasso,0.18088198406621814,6308.130767794581,10.285569960330003,0.3454823994044661,0.2704550252275254,17.846315160060325
44,n1500,large,1500,ElasticNet,0.2480433783493936,6395.812195158516,10.241179896160567,0.3363847697630472,0.269609627674146,17.85665233148232
44,n1500,large,1500,PoissonGLM,0.21905744401738048,1808.7975245746206,4.110548955308524,0.8123231969457685,0.7015761146311645,11.414037978678433
44,n1500,large,1500,RBF-SVR,0.8709003571420908,5465.271416857631,6.105229355715449,0.4329356086548559,0.19920006026368597,18.697542925983512
44,n1500,large,1500,RandomForest,10.48610348906368,2857.3578268684614,5.695585185185185,0.7035269150676371,0.5389004070817232,14.187957943879166
44,n1500,large,1500,MLP,3.870673842728138,4178.230328365725,5.791050642632609,0.5664761258249049,0.5708207245312709,13.688059810085942
44,n1500,large,1500,DIPS-PR,973.2224176158197,519.6515875976087,1.9444723244811166,0.9460821085072467,0.9585679927359204,4.252952283622543
44,n500,large,500,Ridge,0.06870963796973228,4513.918635987544,14.910659695347244,-0.14711603008333096,0.05685557069627134,23.403615086386797
44,n500,large,500,Lasso,0.06349541991949081,4167.2698084731755,14.064800830680078,-0.059022632989050416,0.11327631495063639,22.692795491853936
44,n500,large,500,ElasticNet,0.14457226917147636,4113.250604242334,13.63142218624394,-0.04529480577224754,0.1405689745585471,22.3408328172013
44,n500,large,500,PoissonGLM,0.1682513589039445,1194.265815009344,6.611027912282595,0.6965028457412512,0.46851621942836585,17.568668674032022
44,n500,large,500,RBF-SVR,0.1927069420926273,2730.4000480895215,8.310485992098087,0.3061271333663377,0.11484424073874222,22.672723646249494
44,n500,large,500,RandomForest,5.614852414932102,1577.1973996685424,8.148007781261263,0.5991889607089224,0.40900924760879176,18.52610782661684
44,n500,large,500,MLP,1.526801893953234,3128.7142312640053,10.128473063465616,0.20490408940488258,0.23851258373391782,21.029319061201427
44,n500,large,500,DIPS-PR,477.7095154658891,161.2050906236502,2.108189329309582,0.9590331686284441,0.9627765709642956,4.649454840220804
44,n500,small,500,Ridge,0.768518028780818,664.4091293551537,1.433454629980594,-1.193212086383879,0.019234695109723088,1.7020594444288524
44,n500,small,500,Lasso,0.04766203323379159,226.77779291715888,1.1822174458009393,0.25140734169005097,0.27567950420983567,1.462707754979102
44,n500,small,500,ElasticNet,0.08082173112779856,226.03945681032053,1.1706400047557401,0.2538445864565446,0.28032029556410865,1.4580143702464174
44,n500,small,500,PoissonGLM,0.05919107096269727,215.7720475077357,1.1105832248737655,0.2877372667093505,0.3366541514898792,1.399787736890151
44,n500,small,500,RBF-SVR,0.12558048591017723,281.8725829158145,1.2302326591391481,0.06953964303408888,0.2379972914499321,1.5002734863713063
44,n500,small,500,RandomForest,5.329789166338742,219.90103955796752,1.1327788009712636,0.2741074791747624,0.31342019704102253,1.4240908255126083
44,n500,small,500,MLP,1.0966112529858947,427.25994239415184,1.4615685339961153,-0.41038349457361356,-0.08851321065723239,1.7931186549756801
44,n500,small,500,DIPS-PR,227.93911375198513,199.44833942487122,1.0686735822740776,0.34162176690682344,0.3801107146475894,1.3531602811165435
44,n3000,medium,3000,Ridge,0.8495524120517075,4391.764909949569,2.454865659701414,0.07610047976395973,0.35984516267090527,4.415454989138466
44,n3000,medium,3000,Lasso,0.2196964700706303,3846.652777522657,2.263417664035775,0.1907762076206797,0.37322871082613496,4.369054813293155
44,n3000,medium,3000,ElasticNet,0.33640454709529877,3922.5687492332186,2.2781765644811776,0.17480569661205514,0.3747509276473854,4.36374610515403
44,n3000,medium,3000,PoissonGLM,0.23005802975967526,1376.7732791756266,1.568324612238278,0.7103669713234337,0.7420521924286014,2.802843613114631
44,n3000,medium,3000,RBF-SVR,3.009528351947665,3146.994653527474,1.9353681039518762,0.3379639142358365,0.4391490907297768,4.132916778614838
44,n3000,medium,3000,RandomForest,19.815962644293904,1636.9127723615532,1.7403104247529892,0.6556411929912588,0.5757315963007117,3.5946225230136544
44,n3000,medium,3000,MLP,3.2168942880816758,2545.998248711072,1.8293796709458403,0.4643960665615481,0.6034314807488312,3.475298108705331
44,n3000,medium,3000,DIPS-PR,693.4631619821303,1006.0288087969539,1.2378821092055352,0.7883608178376256,0.8797600438231198,1.913627268133606
44,n1500,medium,1500,Ridge,0.8120015659369528,1928.4649052607365,2.374401720448754,0.11546093268989732,0.3653100089707835,3.9019872551583505
44,n1500,medium,1500,Lasso,0.17660446325317025,1548.826483675408,2.122202354883915,0.2895916697482228,0.3981940927544262,3.7995594573200213
44,n1500,medium,1500,ElasticNet,0.23453728901222348,1584.3778302119276,2.1481677874528566,0.27328514800585313,0.3965848972234495,3.8046359713586884
44,n1500,medium,1500,PoissonGLM,0.19717345479875803,779.4110882608195,1.6742653062615818,0.6425034465596536,0.5947078249412996,3.1180934805705274
44,n1500,medium,1500,RBF-SVR,0.7836770759895444,1373.7497603532397,2.0357354117039925,0.3698950245734234,0.3841188158524731,3.8437354557622423
44,n1500,medium,1500,RandomForest,11.217278995085508,899.1250884572673,1.8532930680479163,0.5875936010193685,0.5127479104356667,3.41886440667871
44,n1500,medium,1500,MLP,2.737478267867118,2563.4687671040065,1.9504726049532761,-0.1757996042070482,0.5061904386709494,3.44179317513819
44,n1500,medium,1500,DIPS-PR,659.7760157077573,552.9220170356906,1.3457230606680333,0.7463883714400057,0.7725485842412205,2.3358736303663696
44,n1500,small,1500,Ridge,0.8230614918284118,1145.4561871179549,1.1070920169699066,-0.4482242105518166,0.2368970030287103,1.4503655747522426
44,n1500,small,1500,Lasso,0.1746227708645165,596.0563808886017,1.0363888538500523,0.24639345322434714,0.2991006685543114,1.389996562580289
44,n1500,small,1500,ElasticNet,0.233147996943444,605.203222468468,1.033007710333698,0.23482891014097185,0.3131450271810351,1.3759999776096423
44,n1500,small,1500,PoissonGLM,0.18142036674544215,555.3578510057118,1.0122205598039864,0.2978494556215808,0.3412338944811284,1.3475705968736622
44,n1500,small,1500,RBF-SVR,0.8947517732158303,963.5105020840174,1.1021719315143166,-0.21818647621073906,0.223679025279514,1.4628727951209315
44,n1500,small,1500,RandomForest,11.274081678129733,562.434494079507,1.0106175945070146,0.2889023078003359,0.3441813377948104,1.344552575285969
44,n1500,small,1500,MLP,1.4418393960222602,885.947710101469,1.068140583000306,-0.12012221635480658,0.25414357099077867,1.4338823606219435
44,n1500,small,1500,DIPS-PR,463.2791216750629,514.3663319367895,0.959474748686127,0.3496758903735515,0.42788521441032934,1.2558202716993323
44,n3000,large,3000,Ridge,0.8600748688913882,10517.03599513548,9.706156920733406,0.4652693334912661,0.35241795294692224,16.589838364514527
44,n3000,large,3000,Lasso,0.2295578308403492,10119.459196764943,9.370116742169373,0.4854838222958513,0.36452140508956166,16.43407323037942
44,n3000,large,3000,ElasticNet,0.352602394297719,10149.400678385227,9.378459765703337,0.4839614705200773,0.36370855229409516,16.444580439772956
44,n3000,large,3000,PoissonGLM,0.25686161080375314,2925.279653095161,4.052526181209008,0.8512663891853626,0.5112170925403086,14.412946008618425
44,n3000,large,3000,RBF-SVR,2.95861577661708,9300.536868738165,6.049159950584918,0.5271213029022873,0.29096507684781203,17.359154476129774
44,n3000,large,3000,RandomForest,20.37997678294778,4500.042349540874,5.293100787331631,0.7711987820522314,0.6928896704969294,11.424625336000814
44,n3000,large,3000,MLP,6.1295840460807085,6553.5471963247,4.723449612843314,0.6667898957550342,0.7608385780131811,10.081852005916565
44,n3000,large,3000,DIPS-PR,961.962025382556,1334.8030555984253,2.3753831107538894,0.9321329576215027,0.7635079551105246,10.02543031945192
46,n3000,small,3000,Ridge,0.8622998339124024,1805.566615376912,1.0687655770477864,-0.14015624675080152,0.2943903228745697,1.4045131875936654
46,n3000,small,3000,Lasso,0.26014260621741414,1177.081077282624,1.0239976470396244,0.2567118090429511,0.3121199460337314,1.3867555590838911
46,n3000,small,3000,ElasticNet,0.32228014897555113,1332.54484708839,1.0144319867140115,0.15854152455833725,0.3353958295862808,1.3630917468182655
46,n3000,small,3000,PoissonGLM,0.2140519367530942,1064.0109136174106,0.9853683253185598,0.3281119181976704,0.3887146031619073,1.3072708211462254
46,n3000,small,3000,RBF-SVR,3.0302139609120786,1575.0505875156755,1.0698712306681295,0.00540708328856454,0.2851022151567506,1.4137269363172054
46,n3000,small,3000,RandomForest,20.31747952895239,1064.909060472288,0.9978120053130364,0.32754476784255904,0.37943416642495875,1.3171568283898034
46,n3000,small,3000,MLP,2.504564168397337,1535.1502294466816,1.056540546347517,0.030602854030294058,0.30071951656392437,1.3981998812673166
46,n3000,small,3000,DIPS-PR,442.1742229638621,997.6591515599944,0.9466144765889062,0.3700108851748005,0.4443677649308758,1.2463421248596827
46,n500,medium,500,Ridge,0.07112197484821081,1553.3364592058992,3.024697911207654,-0.9545796236592774,0.260855952423938,4.456402066168737
46,n500,medium,500,Lasso,0.05271279811859131,984.7901186799693,2.5275885123244577,-0.2391717764333534,0.4231712319152947,3.936799355047788
46,n500,medium,500,ElasticNet,0.1280505540780723,979.3268429325569,2.5734837756803697,-0.23229727903065744,0.4139080732625724,3.968283530540839
46,n500,medium,500,PoissonGLM,0.12057607900351286,243.84569620399827,1.6441208866414632,0.6931663927073455,0.6485173652368652,3.0730651082459204
46,n500,medium,500,RBF-SVR,0.1860148860141635,541.2686445058424,2.2162412239809153,0.3189159649174488,0.38149932327534863,4.076523165118987
46,n500,medium,500,RandomForest,5.425569523125887,303.46348059688063,1.8739555555555558,0.6181487068148688,0.5631913952739511,3.425826918289083
46,n500,medium,500,MLP,1.0358653888106346,1002.0501338102417,2.374360124434185,-0.26089023522426347,0.4530034308329358,3.8336470476730717
46,n500,medium,500,DIPS-PR,270.2212161729112,143.88272402750817,1.1157737787422943,0.8189508532333492,0.8991145922072993,1.6463948613105228
46,n1500,large,1500,Ridge,0.8265628516674042,6564.835059777166,10.496509188579244,0.1666025697841208,0.19995855034297882,15.457606220700944
46,n1500,large,1500,Lasso,0.17881298623979092,6076.383552508604,10.060444359166178,0.22861086507806372,0.2367613126723067,15.097887447813784
46,n1500,large,1500,ElasticNet,0.14176187897101045,6126.3161467182235,10.068614902908383,0.22227198598675546,0.23180578476644487,15.146821649249302
46,n1500,large,1500,PoissonGLM,0.11969161918386817,1334.129491478986,3.3292908405103203,0.8306339641971835,0.8177454455447862,7.377771331351725
46,n1500,large,1500,RBF-SVR,0.7910261796787381,3854.2706469920404,5.225762969594745,0.5107052616994932,0.2566408396534394,14.899968294162356
46,n1500,large,1500,RandomForest,10.557175098918378,2397.2004215402735,5.162318518518519,0.6956784667348672,0.5841349109850691,11.144542054518807
46,n1500,large,1500,MLP,3.1657371101900935,4160.184516737095,5.670383260062007,0.4718698864628794,0.5262427818432602,11.894985458510167
46,n1500,large,1500,DIPS-PR,688.3893009130843,559.8801866956212,1.8086022918228764,0.9289239250381478,0.9569526509399522,3.585578222427422
46,n500,large,500,Ridge,0.07052651699632406,4463.883424166119,14.631427188351397,-0.007697027441937232,0.1628924960310527,23.529192676094116
46,n500,large,500,Lasso,0.05694377701729536,4122.809661199777,13.984969821638503,0.06929849068000471,0.2038092627353456,22.946949980394532
46,n500,large,500,ElasticNet,0.13273128541186452,4095.233800437307,13.716038471397702,0.07552358893616828,0.21752258065559105,22.74847643518428
46,n500,large,500,PoissonGLM,0.17233753204345703,773.4613244718587,5.428590718970603,0.8253953780934153,0.6524257841099781,15.161430673456
46,n500,large,500,RBF-SVR,0.18595446599647403,2967.376274968694,8.715055404653151,0.33013119576565275,0.11701349716101062,24.165369557380952
46,n500,large,500,RandomForest,5.557808549143374,1317.2106975091015,7.370577777777779,0.7026469604450749,0.5654158235847879,16.95326549119121
46,n500,large,500,MLP,1.2739083440974355,2677.203380173039,9.985665752301582,0.3956361240410651,0.37951525561982347,20.25731878978107
46,n500,large,500,DIPS-PR,458.5382083482109,211.73930154485078,2.7589985070646024,0.9522010221852429,0.930761918407685,6.766886959561325
46,n500,small,500,Ridge,0.8849693788215518,611.4553699939452,1.1783212543798232,-1.127786732692151,0.19222541478644162,1.637623773309674
46,n500,small,500,Lasso,0.05064047174528241,197.62564310537897,1.0569173059981563,0.31228795742926685,0.3043031680534586,1.5197741549528068
46,n500,small,500,ElasticNet,0.08399594575166702,198.2968441901461,1.0502856040919675,0.3099522632261884,0.310920034886527,1.5125294986137399
46,n500,small,500,PoissonGLM,0.05229779379442334,180.77669903669852,0.9803870059253397,0.37092013470422547,0.4490275770728266,1.352489720522199
46,n500,small,500,RBF-SVR,0.11801965208724141,208.43125126491654,1.0570512470513207,0.2746858186488653,0.3237400231657096,1.4983935140976299
46,n500,small,500,RandomForest,5.172913619782776,189.42824677337126,1.0100633532725793,0.3408138515726743,0.3819702376409372,1.4324310842173487
46,n500,small,500,MLP,0.9861539830453694,471.4564731223878,1.1044506347797873,-0.6406084201396154,0.23057305272709083,1.5982795327933281
46,n500,small,500,DIPS-PR,243.93366299103945,166.6096394176207,0.9472406394446473,0.42021969600995246,0.500340487421596,1.2879711106078047
46,n3000,medium,3000,Ridge,0.853401024825871,3902.0245793592803,2.2587552101152744,0.05827742645072653,0.40673929243656826,3.554455308188989
46,n3000,medium,3000,Lasso,0.2119072820059955,3119.091136404194,2.060653147520854,0.24723218104597422,0.4443463192306416,3.439951845432129
46,n3000,medium,3000,ElasticNet,0.3329904982820153,3182.306819573607,2.0794355692530893,0.23197557908660105,0.44236977149649426,3.4460646397037253
46,n3000,medium,3000,PoissonGLM,0.2294518598355353,1251.538221587235,1.4155188165140637,0.6979512120034004,0.7559420824653418,2.2797998247914473
46,n3000,medium,3000,RBF-SVR,2.8920255419798195,2586.8943513033246,1.764402673232727,0.3756736390395923,0.5039888446670574,3.250094489019665
46,n3000,medium,3000,RandomForest,18.052824454382062,1408.793627628937,1.561474074074074,0.6599988714503728,0.6393987150851494,2.7711746673634696
46,n3000,medium,3000,MLP,2.7621815339662135,3158.7630776147125,1.6769578649355632,0.23765767380886205,0.6040285452539129,2.903903665203756
46,n3000,medium,3000,DIPS-PR,644.6440960676409,966.5869680887766,1.1795272463472595,0.7667219289281827,0.8565111449644195,1.7480721364876362
46,n1500,medium,1500,Ridge,0.8345731371082366,2300.978809092301,2.4251669977417354,-0.13126675172401292,0.3616197957007008,3.415993278029299
46,n1500,medium,1500,Lasso,0.07608940592035651,1920.5550739008836,2.209194318160237,0.05576701038111542,0.4209578419558131,3.253362031351178
46,n1500,medium,1500,ElasticNet,0.1413625981658697,1977.2078752750424,2.2248350952120046,0.02791389398849098,0.4177218999639992,3.2624399743650607
46,n1500,medium,1500,PoissonGLM,0.09698409587144852,707.9641601657025,1.4549202802821053,0.6519323373848829,0.7249680137859005,2.242171894031881
46,n1500,medium,1500,RBF-SVR,0.875126747880131,1152.8283148656055,1.8503239074235682,0.4332167085154732,0.47720754959681444,3.091305705071147
46,n1500,medium,1500,RandomForest,10.29748310893774,874.7992556911149,1.692162962962963,0.5699085500110863,0.58206580222806,2.7639568344523853
46,n1500,medium,1500,MLP,2.9133884380571544,1442.130595594335,1.7871705516349845,0.2909824340870858,0.5502349027183957,2.867280471607427
46,n1500,medium,1500,DIPS-PR,471.35401657409966,581.6639748964935,1.2358906918578856,0.714027303130353,0.8166202905405856,1.8308507482634024
46,n1500,small,1500,Ridge,0.8231735932640731,1330.6919022869308,1.1217485643605336,-0.7267121007543036,0.17050195477414165,1.4490536681739126
46,n1500,small,1500,Lasso,0.1754448739811778,607.9827400819489,1.052632428813751,0.21107872337311784,0.25342403119111434,1.3747185419881764
46,n1500,small,1500,ElasticNet,0.2392464610747993,687.9592566747152,1.0488844423043548,0.10730081750356679,0.2577692720410901,1.3707121176203612
46,n1500,small,1500,PoissonGLM,0.182279194239527,571.87977776792,1.0030600694760377,0.2579260978807507,0.30929999584030743,1.3222741766305475
46,n1500,small,1500,RBF-SVR,0.9011045638471842,740.6567780692568,1.05484031050325,0.038920264713449004,0.24431080972374908,1.3830834739733904
46,n1500,small,1500,RandomForest,11.305133526679128,586.1645553029011,1.0224358628976058,0.2393901030469019,0.30068827283251176,1.3304917708600061
46,n1500,small,1500,MLP,1.5784065062180161,829.187775731835,1.1198843686194184,-0.07595797621753286,0.1428918305505098,1.4729723835715616
46,n1500,small,1500,DIPS-PR,305.53963207500055,527.2486358565004,0.9409313073190005,0.31583967853491,0.3973731749421875,1.2350968583493236
46,n3000,large,3000,Ridge,0.8610118757933378,10325.691775245941,9.230151730413278,0.3971695565686877,0.33454564599615055,14.6780833383551
46,n3000,large,3000,Lasso,0.22751374915242195,9796.6269907853,8.894578335645988,0.4280572070585943,0.35397125278836106,14.462259023368183
46,n3000,large,3000,ElasticNet,0.34140073508024216,9804.460466733337,8.899890834487499,0.42759987617150697,0.3532663368580323,14.470147137749594
46,n3000,large,3000,PoissonGLM,0.2658972982317209,3000.8933566115397,3.850514132540993,0.8248030338080544,0.521252218232923,12.449835154252435
46,n3000,large,3000,RBF-SVR,2.9935915442183614,8042.271936535277,5.306661258887477,0.5304792682927739,0.3139848590126071,14.903115396322843
46,n3000,large,3000,RandomForest,18.215218384750187,3884.513145909244,4.617266666666667,0.7732158935949397,0.6901518069449621,10.0157781796129
46,n3000,large,3000,MLP,5.467791705857962,4838.518726058047,4.502890694797657,0.7175195180459657,0.6833397108174707,10.125279391165684
46,n3000,large,3000,DIPS-PR,903.0620789816603,1266.5375446971111,2.203170862820907,0.9260575072052275,0.7130021315799271,9.639389945548759
43,n3000,small,3000,Ridge,0.8638233249075711,1694.6136685901106,1.0470988317281005,-0.061642152511735215,0.3229508188545557,1.3908933995114245
43,n3000,small,3000,Lasso,0.21363440528512,1126.2988749985466,1.0308899613042581,0.29439589436344704,0.3133629478169224,1.4007071808935305
43,n3000,small,3000,ElasticNet,0.23203164292499423,1230.0792259827153,1.014327046289223,0.22937954447237008,0.34416539512733224,1.3689289302912984
43,n3000,small,3000,PoissonGLM,0.21416316414251924,1035.3156264322058,0.9699096936475768,0.35139511114118194,0.4013760745241519,1.307858540844118
43,n3000,small,3000,RBF-SVR,3.029343700967729,1436.9547846924756,1.0481648333482378,0.09977607347391859,0.29766536744267,1.416627863820715
43,n3000,small,3000,RandomForest,20.345619806088507,1077.8275359902184,0.9995988758670953,0.3247622354556565,0.37009124294229245,1.341598489407014
43,n3000,small,3000,MLP,2.0929956370964646,1521.3686736003428,1.0671076384995102,0.046892431388938394,0.2980133768613349,1.4162768481492356
43,n3000,small,3000,DIPS-PR,437.41678217379376,967.2341457025564,0.9283772054931538,0.3940468205471054,0.46492443414512896,1.2364919614451442
43,n500,medium,500,Ridge,0.07138977479189634,1147.0581140862253,2.7956397431725146,-0.7797641835081446,0.2552562561541003,3.7201732272725114
43,n500,medium,500,Lasso,0.053971932735294104,752.5957837393013,2.3632076640990376,-0.1677202786063572,0.36239157374568165,3.4422051897899655
43,n500,medium,500,ElasticNet,0.12967194290831685,812.8283681559597,2.3786826765310773,-0.26117656918872,0.36533048771446375,3.434262988352916
43,n500,medium,500,PoissonGLM,0.11191030871123075,244.08385865844753,1.4790762554617252,0.6212818652533292,0.727685614046732,2.249546753056084
43,n500,medium,500,RBF-SVR,0.19162585819140077,569.7582998319037,2.0679048078385205,0.11596857836176655,0.30807691180495733,3.5858212978910236
43,n500,medium,500,RandomForest,5.633788591250777,333.18805632420094,1.9272871010652868,0.4830286611146093,0.4612310726543303,3.1641786904921143
43,n500,medium,500,MLP,0.8624327410943806,624.6630829713024,1.9602791943185867,0.03077885228356536,0.42962124053002193,3.2556776887178818
43,n500,medium,500,DIPS-PR,249.73897972516716,179.03388054662562,1.1783643621837394,0.7222127769130557,0.8458965895637607,1.6922551958195484
43,n1500,large,1500,Ridge,0.8249697480350733,5907.144214083051,9.392477292826026,0.41229955055716216,0.337867446507937,16.703200544873216
43,n1500,large,1500,Lasso,0.08125626109540462,5513.590698183804,9.037542884394774,0.4514541013504847,0.3556298161337257,16.477637471457015
43,n1500,large,1500,ElasticNet,0.25154671305790544,5597.353460764985,9.023128597914077,0.443120562938104,0.3556766527184828,16.477038615156864
43,n1500,large,1500,PoissonGLM,0.21659547090530396,1583.1795200964038,3.826932640849096,0.8424898255757615,0.7511069369142955,10.240793797828385
43,n1500,large,1500,RBF-SVR,0.898505421821028,5102.54755836024,6.398326365854925,0.4923486908949186,0.26953009205808753,17.543990767315037
43,n1500,large,1500,RandomForest,11.375086808111519,2749.131903399695,5.560903838148944,0.7264894851637814,0.6032121459054738,12.930234764947736
43,n1500,large,1500,MLP,2.6583057972602546,6716.453342816668,6.485683876957151,0.33178156733931563,0.5700080863691274,13.46038151377209
43,n1500,large,1500,DIPS-PR,691.4868638268672,896.5794379984064,2.9669167102600738,0.9107995133390081,0.5768118487310965,13.353465079436205
43,n500,large,500,Ridge,0.07147731306031346,2970.815490295544,11.185668764447154,-0.04806685862623805,0.1938272648347188,16.812157496477514
43,n500,large,500,Lasso,0.06497623398900032,2708.4108492874107,10.42005743229032,0.04450624417624549,0.24316053450077246,16.289632324510162
43,n500,large,500,ElasticNet,0.13978410698473454,2602.5222166287404,10.271814459202954,0.08186244046555446,0.24671954566968923,16.251286477679848
43,n500,large,500,PoissonGLM,0.16990915592759848,529.7397633217145,3.719544409752598,0.813114381742111,0.7216060301915219,9.879598799952252
43,n500,large,500,RBF-SVR,0.17785185994580388,1762.2619802019549,5.730199727690954,0.37829583031998537,0.16670831589714563,17.09259178254444
43,n500,large,500,RandomForest,5.796833657193929,1195.9456686929711,6.02515275636734,0.5780852011277201,0.4232160894936161,14.220535973675412
43,n500,large,500,MLP,1.1953290826641023,1743.5209794591333,6.051113428336321,0.38490742294167557,0.511477738392869,13.08734575580643
43,n500,large,500,DIPS-PR,432.3805308188312,196.35857494335568,1.9135684561564308,0.9307271301508078,0.957904653809197,3.8417264657351535
43,n500,small,500,Ridge,0.8348275497555733,828.9446181534101,1.4896179504095173,-2.1097677847685605,-0.24985564480268652,1.8599403829840246
43,n500,small,500,Lasso,0.04825346078723669,233.72609658268425,1.1186551812866625,0.12318160985029314,0.2668651348924266,1.4244953392449669
43,n500,small,500,ElasticNet,0.09648545226082206,244.34637455841332,1.1368197837601395,0.0833398669992681,0.2514786212062945,1.4393658694139013
43,n500,small,500,PoissonGLM,0.08234356809407473,224.16206064738304,1.1354328889764913,0.1590608835588586,0.21255984949806073,1.4763110604575442
43,n500,small,500,RBF-SVR,0.16064400412142277,493.0475596019326,1.2290691854306461,-0.8496572432358691,0.13747074455758412,1.5450979388149824
43,n500,small,500,RandomForest,5.611364901065826,205.6233946334546,1.1015079709947981,0.22860828766786168,0.26784744966095775,1.4235406909832524
43,n500,small,500,MLP,0.8511800980195403,528.6759105268728,1.334773798497746,-0.983316230222987,0.030268692190032476,1.6383051801605972
43,n500,small,500,DIPS-PR,213.3145793597214,190.2248346536071,1.0292742950054938,0.2863756519868783,0.30476658054996053,1.387185102279203
43,n3000,medium,3000,Ridge,0.8603948159143329,3559.811547913869,2.169654112078486,0.12165139192608032,0.42677889483706977,3.2863280394138803
43,n3000,medium,3000,Lasso,0.21079013077542186,2675.692100724843,1.9853238234427402,0.3397991998527806,0.4626673128628803,3.1817895890400436
43,n3000,medium,3000,ElasticNet,0.32385521102696657,2691.0542350145943,1.9945631026409587,0.33600874378823,0.4625409344403648,3.18216373890829
43,n3000,medium,3000,PoissonGLM,0.2358012911863625,1259.8569467740808,1.4372328830017673,0.689142646829223,0.7264728739179956,2.270126338257793
43,n3000,medium,3000,RBF-SVR,2.9452563729137182,2245.48879288674,1.740798671523371,0.44594764943849907,0.4988714695811153,3.072729929779918
43,n3000,medium,3000,RandomForest,20.08428382826969,1514.2887294819107,1.6112373739867594,0.6263640982506746,0.6168857268412022,2.686667936406861
43,n3000,medium,3000,MLP,3.081501627340913,2640.098669542167,1.6141514162674655,0.3485815301292806,0.6228746566126845,2.6655859189204563
43,n3000,medium,3000,DIPS-PR,678.2564236670732,1030.4573374874021,1.2145673294773114,0.7457447519681129,0.8223195452231052,1.829656887316572
43,n1500,medium,1500,Ridge,0.8343657399527729,2474.9017728319986,2.53030584367845,-0.06086719674007823,0.30669100193741283,4.665345824972151
43,n1500,medium,1500,Lasso,0.1856445213779807,1948.410683681388,2.2763375346007617,0.16481332601323984,0.3565997753670791,4.49428933012727
43,n1500,medium,1500,ElasticNet,0.24231288116425276,2139.33027068676,2.3025779616366413,0.08297560247506564,0.35313305425002783,4.506380961534172
43,n1500,medium,1500,PoissonGLM,0.19563185097649693,741.5166459105893,1.6977417322100221,0.6821487243984161,0.6458220136597739,3.334503716576449
43,n1500,medium,1500,RBF-SVR,0.7799784787930548,1569.6731398652487,2.028416686060198,0.3271592586151171,0.3858088422905971,4.391088634552359
43,n1500,medium,1500,RandomForest,11.130984584800899,857.8596183607089,1.861061937493205,0.6322782833173006,0.5369875342349797,3.812560687951799
43,n1500,medium,1500,MLP,1.8184421751648188,2589.431716028792,2.183116701287881,-0.10996048242751377,0.43897427801523026,4.19673754525006
43,n1500,medium,1500,DIPS-PR,472.48944409703836,507.73986115325135,1.3038413488083895,0.7823571953086114,0.8713212563538744,2.0098971278965165
43,n1500,small,1500,Ridge,0.8288151049055159,983.4436484858721,1.1604691851448197,-0.07688030272880542,0.2858182921567354,1.5757851069351747
43,n1500,small,1500,Lasso,0.17318951711058617,605.5717890805671,1.0878684942117363,0.3368930364712466,0.3304440145022476,1.5257594857717207
43,n1500,small,1500,ElasticNet,0.238430661149323,596.0107616098477,1.0797706085120675,0.34736245398481613,0.34252914269773804,1.5119272130613615
43,n1500,small,1500,PoissonGLM,0.1853734371252358,595.2900260413953,1.073787147283472,0.3481516664001256,0.38183923772597717,1.4660316545306855
43,n1500,small,1500,RBF-SVR,0.8889621929265559,827.4779097242322,1.107692455571474,0.09390368904494317,0.34639141750858415,1.5074798071206417
43,n1500,small,1500,RandomForest,11.164617834147066,573.8527536526676,1.0408494890001965,0.37162568691487063,0.40573943306454285,1.4374114062097707
43,n1500,small,1500,MLP,1.4076066808775067,1125.8512064624242,1.182345774632163,-0.23281795546647777,0.23734412714343478,1.628384424687327
43,n1500,small,1500,DIPS-PR,342.2993242312223,525.8788137904043,0.9752332611301139,0.42415761486163983,0.49472978587852523,1.3254229275636906
43,n3000,large,3000,Ridge,0.8126162411645055,10601.448699383505,9.025547298410858,0.40985391165959095,0.335991212997395,15.276331302836844
43,n3000,large,3000,Lasso,0.2302942448295653,10087.480775641283,8.655536566608923,0.4384647334755333,0.35600434223697286,15.044356797450655
43,n3000,large,3000,ElasticNet,0.3466285588219762,10126.183286629243,8.670920080956039,0.43631029816049705,0.3546287553193781,15.060415741948034
43,n3000,large,3000,PoissonGLM,0.2543182307854295,2555.2253035994713,3.5133554082092204,0.857759419442802,0.7986233937192916,8.412724444786129
43,n3000,large,3000,RBF-SVR,2.955202636308968,8246.359506643992,5.607482617672318,0.5409536051259016,0.3070061457690738,15.606188447005346
43,n3000,large,3000,RandomForest,19.770113959908485,4492.037454943411,5.1204244733712345,0.7499437663771726,0.6181864416050356,11.583980783188998
43,n3000,large,3000,MLP,6.178560390602797,5469.179735007471,4.543406176149011,0.6955496254740179,0.6728829738909463,10.72219570564337
43,n3000,large,3000,DIPS-PR,939.1288580768742,1753.8406702433695,2.8128926594368697,0.9023697382814639,0.8474374160225965,7.3224459242314
42,n3000,small,3000,Ridge,0.8213613438419998,1868.7356540253927,1.0723327313489024,-0.19454525872976536,0.29418822122566146,1.3896816817288724
42,n3000,small,3000,Lasso,0.192768732085824,1269.0356723111677,1.0394588175329957,0.18879883184502722,0.31021080823565017,1.3738175960316479
42,n3000,small,3000,ElasticNet,0.3112861053086817,1411.9302639996477,1.0310019250326048,0.0974568292284923,0.3304512283671488,1.353511626930383
42,n3000,small,3000,PoissonGLM,0.21262730425223708,1067.7648765533493,1.009509684151215,0.31745644817260765,0.36992811927433167,1.3130036428660325
42,n3000,small,3000,RBF-SVR,2.950560058001429,1471.7098480728341,1.0792828175389566,0.05924413789912153,0.2862580780838282,1.3974667547738535
42,n3000,small,3000,RandomForest,20.29877569898963,1088.7848223087422,1.01758788289384,0.3040199428612361,0.34836651490545834,1.3352807206188437
42,n3000,small,3000,MLP,2.314872110262513,2351.701176167948,1.0929831768890912,-0.5032695950812434,0.25153428502919073,1.431056688017276
42,n3000,small,3000,DIPS-PR,393.2356645539403,1024.8675987016259,0.9882366795781907,0.3448775228226305,0.39119437424468195,1.290655125594482
42,n500,medium,500,Ridge,0.08167946012690663,1051.1916967139364,2.9451021235100323,-0.9610812594645708,-0.265595352853482,3.5510638692845276
42,n500,medium,500,Lasso,0.0458974102512002,869.2917633283744,2.4214183305235535,-0.6217325454522731,0.05921616725872825,3.061653023081698
42,n500,medium,500,ElasticNet,0.12131899315863848,873.5075379992193,2.44231447776362,-0.6295974065684367,0.04939115632589697,3.0775985804969945
42,n500,medium,500,PoissonGLM,0.11290104500949383,218.20793733847805,1.3670672781597415,0.5929158326510634,0.6144752940056042,1.959914631799022
42,n500,medium,500,RBF-SVR,0.18647250114008784,333.6168698590688,1.6590456411496703,0.3776113401893687,0.4535195615211697,2.3334492411205647
42,n500,medium,500,RandomForest,5.119800696149468,310.1362220208705,1.8308222222222221,0.4214163460503587,0.46411008368126183,2.3107280718903778
42,n500,medium,500,MLP,1.5348292640410364,710.3863850893406,1.8086947049860365,-0.3252819929347317,0.39561603592739725,2.453960197102294
42,n500,medium,500,DIPS-PR,304.9528812067583,200.2638929863611,1.2553991007659318,0.6263918667635302,0.6799125280541987,1.7858516774381852
42,n1500,large,1500,Ridge,0.8258102391846478,6244.8544183650265,9.911473670950496,0.30579220142800223,0.331004127311204,15.023894642917083
42,n1500,large,1500,Lasso,0.1858421852812171,5585.713601162779,9.494646516139344,0.3790654380807663,0.3483611733056239,14.827716936577477
42,n1500,large,1500,ElasticNet,0.25563076697289944,5565.093376310638,9.48843418026635,0.3813576806122443,0.35535149006850153,14.747971909872785
42,n1500,large,1500,PoissonGLM,0.21888342406600714,1473.5312282580007,3.878114148084196,0.8361952414634679,0.7985667126575676,8.24397052487299
42,n1500,large,1500,RBF-SVR,0.8911350253038108,4493.053072607273,5.887988360731563,0.5005307932833342,0.26536979292996465,15.743641838543281
42,n1500,large,1500,RandomForest,10.539560442324728,2459.7812796807457,5.352525925925925,0.7265589823657008,0.6049412242204509,11.545205483416957
42,n1500,large,1500,MLP,2.9169011497870088,5917.6816554943425,6.409270282055587,0.3421622860207252,0.5180106854233836,12.752329195583641
42,n1500,large,1500,DIPS-PR,645.4131008819677,664.2775805288591,2.408054323154599,0.9261557362388593,0.9139506830175738,5.388210128167398
42,n500,large,500,Ridge,0.7211481230333447,4260.5263666996025,12.837841180183839,-1.3742960198738885,-0.9433147008054263,16.061509579347874
42,n500,large,500,Lasso,0.07258507004007697,3831.6169860882155,12.245669381287504,-1.1352744184042427,-0.8120023656035151,15.509370583520099
42,n500,large,500,ElasticNet,0.13961795717477798,3580.1086971293585,11.637008055890707,-0.9951144761708868,-0.6355142717928046,14.73472253341427
42,n500,large,500,PoissonGLM,0.17021106742322445,443.02914096988565,2.9562262422770655,0.7531097719956646,0.7143665799069636,6.157711010880242
42,n500,large,500,RBF-SVR,0.18553334334865212,1047.6519330441542,4.387682488945125,0.416167017699552,0.30113159661346156,9.631911777095626
42,n500,large,500,RandomForest,5.546112924814224,896.2736461778018,5.162966846053691,0.5005267500582862,0.48031864517281864,8.305836174464243
42,n500,large,500,MLP,2.2757455771788955,3877.095762442164,6.719625592221543,-1.1606187229319391,0.16340554785874717,10.538341868367109
42,n500,large,500,DIPS-PR,456.2254464509897,207.65392934171518,1.9025032061833171,0.8842791111913402,0.8981962103779337,3.6761799786587765
42,n500,small,500,Ridge,0.8450274532660842,491.02093633915695,1.3370217737810732,-1.0611485685827988,-0.3752834490987169,1.6528718313007178
42,n500,small,500,Lasso,0.039158135652542114,193.71573876867882,1.0208734953358818,0.18684339480132883,0.18192524678341326,1.2747926919877086
42,n500,small,500,ElasticNet,0.10217692190781236,195.51548268172237,1.0303030769698593,0.17928864648887988,0.16608367420848602,1.2870763440635093
42,n500,small,500,PoissonGLM,0.07660785410553217,192.64214823643823,1.0211333966115066,0.19134998387932134,0.1925934055727334,1.2664534056353525
42,n500,small,500,RBF-SVR,0.1330509902909398,223.05499239106928,1.0542763326098312,0.06368660833528628,0.16829819570517768,1.285366248623522
42,n500,small,500,RandomForest,5.489582692272961,195.94995645695255,1.038311730121402,0.17746486478503032,0.1644534796525441,1.2883337606458953
42,n500,small,500,MLP,0.9257200639694929,653.4829992435889,1.1211532080162776,-1.7431122561213392,-0.08299262269777086,1.466749062293124
42,n500,small,500,DIPS-PR,238.87708801822737,181.34516362521825,0.9718593691010846,0.23877110574495763,0.22868716817620605,1.2378224308338377
42,n3000,medium,3000,Ridge,0.8545902161858976,3649.209823920582,2.3085339647289733,0.049887479226202625,0.41221341919821763,3.2228849050900767
42,n3000,medium,3000,Lasso,0.22125938907265663,3176.0636835122186,2.1372809142508364,0.17307635951777522,0.4577080317851009,3.095647835952925
42,n3000,medium,3000,ElasticNet,0.32770200120285153,3319.7489494902466,2.147697615722582,0.13566629628667037,0.45582707263487765,3.1010118714402632
42,n3000,medium,3000,PoissonGLM,0.2394587597809732,1246.1555085069715,1.4427919023567688,0.6755495001403682,0.7256827592695382,2.2017170965620076
42,n3000,medium,3000,RBF-SVR,3.034435149282217,2087.6961847295297,1.735253490059673,0.45644498935603517,0.5409525675690152,2.848155811890081
42,n3000,medium,3000,RandomForest,17.74154616286978,1356.3362845034726,1.5638009134087587,0.6468627049507235,0.6888341431334971,2.3449356626031
42,n3000,medium,3000,MLP,3.313290505670011,3539.2915457441377,1.9725520743260005,0.07850593017762963,0.5372588619265288,2.8595916358196054
42,n3000,medium,3000,DIPS-PR,625.3383476701565,936.726179207717,1.175989628330909,0.7561128807754681,0.8392439282458105,1.6854607971149185
42,n1500,medium,1500,Ridge,0.8341525993309915,2435.963580932979,2.6751422701939096,-0.11771481965795472,0.3624648608370872,3.6517425064943847
42,n1500,medium,1500,Lasso,0.17506747413426638,1713.1885732376445,2.336293805463421,0.21392246084278943,0.4378922209098305,3.4289241718418353
42,n1500,medium,1500,ElasticNet,0.24046939285472035,1787.1470156760984,2.367493809162384,0.17998745138726258,0.43195818519480644,3.4469758163091533
42,n1500,medium,1500,PoissonGLM,0.19680119771510363,698.5736763270862,1.5558448881084845,0.6794672314621907,0.716180552581486,2.4365153871792473
42,n1500,medium,1500,RBF-SVR,0.9063130938448012,1281.876072329945,1.9029003839062566,0.41182540895814324,0.4827292680229922,3.289326897167107
42,n1500,medium,1500,RandomForest,10.41977146314457,826.6805919601338,1.7708,0.6206867968019616,0.6012993343896029,2.8878296006636432
42,n1500,medium,1500,MLP,1.944978754967451,2229.384280064935,2.265886774952568,-0.022928203050838647,0.48702411183511407,3.2756429684102706
42,n1500,medium,1500,DIPS-PR,471.43264074996114,505.6358453642338,1.2368724024924267,0.767994611193068,0.846906813185915,1.7894765642764057
42,n1500,small,1500,Ridge,0.8341130819171667,825.5481378111422,1.0703365643620117,0.007244039723523832,0.32855600896078807,1.404595361287278
42,n1500,small,1500,Lasso,0.17455353680998087,550.6266330228093,1.0288373789688718,0.3378485798905474,0.3451067230478525,1.3871761077723133
42,n1500,small,1500,ElasticNet,0.22889613779261708,543.5840107106055,1.019287829174642,0.3463176260384243,0.35561886177455837,1.3759978137099989
42,n1500,small,1500,PoissonGLM,0.18176438193768263,534.8297265391111,0.9983319388638906,0.35684501673940516,0.41259567327896995,1.3137565811764345
42,n1500,small,1500,RBF-SVR,0.8687293464317918,653.0091224821687,1.0482146110741382,0.21472937946667758,0.3503107880468336,1.3816535643418355
42,n1500,small,1500,RandomForest,11.273949635215104,552.4046933564763,1.019081549318463,0.33571038841129663,0.38974278733101053,1.3390685020976085
42,n1500,small,1500,MLP,1.5020706397481263,1293.0900261502716,1.1273579107622138,-0.5549945204145315,0.26621388311645666,1.468355043908651
42,n1500,small,1500,DIPS-PR,350.8030020161532,513.7850047113573,0.9691525594931847,0.38215216973263566,0.44383429863586554,1.2783460542654739
42,n3000,large,3000,Ridge,0.853059628047049,10121.65402228821,8.938816964814272,0.4161174403683491,0.3498484333229297,14.88229000754246
42,n3000,large,3000,Lasso,0.22654030891135335,9464.01145413537,8.631238499557861,0.4540545230991224,0.3645516938735439,14.71304521969596
42,n3000,large,3000,ElasticNet,0.33941903384402394,9396.609428660133,8.63342438216583,0.45794270847595697,0.36374534272933023,14.722377308125635
42,n3000,large,3000,PoissonGLM,0.2551276213489473,2814.602548184551,3.805183551810632,0.8376354954871064,0.7973921400051687,8.307887391201914
42,n3000,large,3000,RBF-SVR,2.9434034572914243,8047.5457805521155,5.651679234790103,0.5357654372739176,0.2993091343866702,15.449900418472556
42,n3000,large,3000,RandomForest,18.084247229155153,3868.1728775024544,4.668666666666667,0.7768587351592494,0.6766984154600277,10.494611670922216
42,n3000,large,3000,MLP,4.834066759329289,15546.775625544149,5.489219091850262,0.10316128902719368,0.6461220269417349,10.979668350264985
42,n3000,large,3000,DIPS-PR,760.0899721798487,1561.5847606456557,2.581228654154793,0.9099176769804825,0.9139208603787591,5.4151615236844375
45,n3000,small,3000,Ridge,0.870560497045517,2095.19901737327,1.0782457654545228,-0.2007351158275501,0.3398754165868789,1.4284317898999679
45,n3000,small,3000,Lasso,0.21290428703650832,1273.2085273061334,1.0618587562960453,0.27033843762289544,0.32809226493610943,1.4411240770828608
45,n3000,small,3000,ElasticNet,0.3328118771314621,1432.5590960665004,1.0484725239152075,0.17901640947611652,0.35761823231476186,1.4091043537446424
45,n3000,small,3000,PoissonGLM,0.21604092698544264,1116.378724315423,1.0112645482371505,0.3602158431093424,0.4198060053215241,1.339162157368991
45,n3000,small,3000,RBF-SVR,3.0566009250469506,1644.2327594766743,1.0734632416382863,0.057708601174879415,0.3513862265465929,1.4159230021371751
45,n3000,small,3000,RandomForest,20.322782043833286,1139.9307214377948,1.0271858714042548,0.3467184570576082,0.41726274490049786,1.3420940335671048
45,n3000,small,3000,MLP,2.1498147430829704,1719.0115282943316,1.0978058772870363,0.014853725388292105,0.30380820282712195,1.4669354526344387
45,n3000,small,3000,DIPS-PR,517.002896275837,1030.4342668767988,0.9475623702196343,0.40946965012318814,0.4960264528576863,1.2481029924536289
45,n500,medium,500,Ridge,0.7266951012425125,1039.9159438167871,3.3792760133820927,-0.2716379689762589,0.018425860924391912,5.364843185397482
45,n500,medium,500,Lasso,0.05830030795186758,680.7836524022233,2.6601590220259617,0.16751892669747936,0.26135502584986114,4.653860399428446
45,n500,medium,500,ElasticNet,0.12316961912438273,654.2466683159766,2.7152529489937893,0.19996908456536877,0.2468619832351472,4.699295589381032
45,n500,medium,500,PoissonGLM,0.12093390384688973,298.80509499651055,1.7114940840975172,0.6346128681069011,0.637880400261932,3.258528276185722
45,n500,medium,500,RBF-SVR,0.1968365916982293,602.115328085336,2.224076511574944,0.2637167287909117,0.2633631852817713,4.647529851815042
45,n500,medium,500,RandomForest,5.384825122077018,425.72097330500094,2.09673295856001,0.4794166229847273,0.3647917636328004,4.31572276459579
45,n500,medium,500,MLP,1.0183124709874392,682.3108867795412,2.3552186537293873,0.16565138227403753,0.28304945321784125,4.585007794417744
45,n500,medium,500,DIPS-PR,373.9139887872152,182.64700591164296,1.171846774514472,0.7766541911218199,0.888778057164958,1.8058876030969548
45,n1500,large,1500,Ridge,0.8424438904039562,5873.116855650863,9.472055435035502,0.31234870325136055,0.30315685971322315,14.953262883525651
45,n1500,large,1500,Lasso,0.08842961397022009,5397.569387540732,9.016695496041462,0.3680279688183018,0.3302893894045069,14.659259866446455
45,n1500,large,1500,ElasticNet,0.15458478592336178,5372.981156782473,9.017523689219164,0.37090687097217334,0.33050125715289635,14.656940902099668
45,n1500,large,1500,PoissonGLM,0.1169000519439578,1488.9842185524458,3.8734181798457863,0.8256629394763882,0.7388497907259293,9.154057644516133
45,n1500,large,1500,RBF-SVR,0.8953231731429696,4843.178383991062,5.9102577749543865,0.4329385949588168,0.22212289953245812,15.798794392692484
45,n1500,large,1500,RandomForest,10.5997923030518,2416.332390814913,5.190044444444444,0.7170847877271673,0.6008804786271571,11.31670353782244
45,n1500,large,1500,MLP,2.8062426610849798,8656.770685516218,6.834838042550033,-0.013574177708258528,0.5676041901865871,11.779020894818853
45,n1500,large,1500,DIPS-PR,903.3418806809932,507.4997942104113,1.8781059995618974,0.9405796104239471,0.9517978886492329,3.9327965899685173
45,n500,large,500,Ridge,0.7219815570861101,3714.3592909058816,13.515660818062125,0.007997254288848343,-0.014517046365812192,23.31473430394952
45,n500,large,500,Lasso,0.060295903123915195,2988.1782846988253,12.511128813347158,0.2019401380062168,0.06773447212800843,22.3496439653764
45,n500,large,500,ElasticNet,0.144147087354213,3383.163532851863,12.36784287056132,0.09645049093773073,0.07959543378680778,22.207014622953498
45,n500,large,500,PoissonGLM,0.16833505919203162,645.6973440871384,4.39223854916342,0.827552078819865,0.7179983859340302,12.29211439423623
45,n500,large,500,RBF-SVR,0.1860854420810938,2376.0534064298818,7.152802601190351,0.36542178111156154,0.12831405757689285,21.611296281361287
45,n500,large,500,RandomForest,5.599128979723901,1473.096234484836,7.054066666666666,0.6065766946984494,0.409362221826459,17.78940436826871
45,n500,large,500,MLP,1.2646013386547565,2125.26918438296,7.5399719044114315,0.4323993181152336,0.21294811142919268,20.535367479391173
45,n500,large,500,DIPS-PR,581.8993545719422,174.891861936187,1.8399193027870389,0.9532912156161069,0.9739044457030074,3.7392461858580304
45,n500,small,500,Ridge,0.7903014440089464,612.9081567897992,1.4080894231077559,-1.4034410923175047,-0.40727518007876196,1.869102725415229
45,n500,small,500,Lasso,0.0549216172657907,243.27574322370708,1.1103571792756954,0.04602522979888235,0.1304265736764718,1.4692536775251577
45,n500,small,500,ElasticNet,0.08703543012961745,265.4521769873219,1.116373585936303,-0.04093682413705291,0.11955153256364481,1.4784125059163977
45,n500,small,500,PoissonGLM,0.07289519626647234,208.08165591985306,1.051481114644179,0.18403435024480608,0.15112900734088042,1.451658640099781
45,n500,small,500,RBF-SVR,0.10899155214428902,217.11758961240733,1.0817456765080282,0.14860108980675113,0.09760780004685865,1.496722622867602
45,n500,small,500,RandomForest,4.90638229297474,211.84722906970381,1.0806901351663196,0.16926813585490263,0.20151338359256277,1.4079183758861689
45,n500,small,500,MLP,0.6844711261801422,338.17050292637896,1.119707874380554,-0.3260924560050875,0.10332018037346691,1.4919777776876442
45,n500,small,500,DIPS-PR,302.3536266530864,189.42457662937883,0.9700120486890152,0.257195704899008,0.34608235727211367,1.274104894551619
45,n3000,medium,3000,Ridge,0.8618380157276988,3788.333519865706,2.331154813120914,0.21248071806290703,0.39950749131955465,4.092007035527217
45,n3000,medium,3000,Lasso,0.22125150775536895,3517.1355071428147,2.163573678351014,0.26885739744510384,0.4085480673015004,4.061087084716639
45,n3000,medium,3000,ElasticNet,0.332446635235101,3506.1969264899344,2.1741115800292135,0.27113131106332,0.4105085037830871,4.054351024586641
45,n3000,medium,3000,PoissonGLM,0.2431949730962515,1428.412856044505,1.5320957416503032,0.7030613432521227,0.694062966926111,2.920778345758835
45,n3000,medium,3000,RBF-SVR,3.055340708233416,2784.384623481453,1.8336416626745635,0.4211817497529814,0.48197128449516324,3.8006641291947765
45,n3000,medium,3000,RandomForest,20.072464112192392,1617.603318745968,1.6814414210323538,0.6637324044048154,0.6411014561637634,3.163504255200483
45,n3000,medium,3000,MLP,3.1627631979063153,4165.857530102006,1.8747839129878077,0.13400097600845284,0.5955746368944799,3.358162958090914
45,n3000,medium,3000,DIPS-PR,765.0028942767531,1044.5643416814892,1.19864198534563,0.7828558240755794,0.8763291800825707,1.857018348565917
45,n1500,medium,1500,Ridge,0.833006929140538,2123.622258986671,2.3251701737022503,-0.10520848123957638,0.3676372839693094,3.309884098063208
45,n1500,medium,1500,Lasso,0.17758791474625468,1485.6607687464789,1.996021582189431,0.22680934666459285,0.4456259983010509,3.0990678588694687
45,n1500,medium,1500,ElasticNet,0.24120923783630133,1472.5707767268834,2.0267891171274615,0.23362184363207072,0.44164871840525266,3.1101649085655496
45,n1500,medium,1500,PoissonGLM,0.1963122938759625,645.3549331404868,1.411288336086143,0.6641343617028161,0.7458183821720419,2.098464990620399
45,n1500,medium,1500,RBF-SVR,0.9015457550995052,1266.1261641056358,1.8080774082772066,0.34106295553871224,0.43413294199627683,3.1310273728165843
45,n1500,medium,1500,RandomForest,11.189038309734315,740.0122655177759,1.5613452960745846,0.6148713225195609,0.6481542768053834,2.4689130572988014
45,n1500,medium,1500,MLP,2.089325652923435,2212.520879135706,1.9092122701916074,-0.15147448195765678,0.4966892233063429,2.9528934266443554
45,n1500,medium,1500,DIPS-PR,628.0976459598169,494.8675818789703,1.1845111044817287,0.7424533264950152,0.8186337622387996,1.772588308150491
45,n1500,small,1500,Ridge,0.8337937537580729,928.9153962090229,1.0982098761561423,-0.15456073110971835,0.2475858810857292,1.4237405230527622
45,n1500,small,1500,Lasso,0.22972636995837092,612.1173927406082,1.0227263374342872,0.2391915266214999,0.31233684084175284,1.361100699279591
45,n1500,small,1500,ElasticNet,0.24555647000670433,606.106179038173,1.0123174033441786,0.24666294039660186,0.3261442896668877,1.3473667773772984
45,n1500,small,1500,PoissonGLM,0.0828175819478929,549.5862844772716,0.9874498681649675,0.31691223441497207,0.34532867933063705,1.3280488072305192
45,n1500,small,1500,RBF-SVR,0.8951162472367287,797.8919741270184,1.1056799445791012,0.008289942491838342,0.23943037496685105,1.4314357732478777
45,n1500,small,1500,RandomForest,11.16487341094762,543.8719600104018,0.9936166547050043,0.32401464079255216,0.35209193125774096,1.3211711218104234
45,n1500,small,1500,MLP,1.3507961300201714,919.0992112938841,1.1209243326891076,-0.1423600703406287,0.21105407758607453,1.45789415913719
45,n1500,small,1500,DIPS-PR,474.4581155702472,506.6983800686364,0.9455917110793144,0.370218154923857,0.38888947649325634,1.283105183059783
45,n3000,large,3000,Ridge,0.8511363440193236,11563.905736185465,9.493407811166499,0.45764070776876875,0.3466393091946387,17.87194686834748
45,n3000,large,3000,Lasso,0.22627095179632306,11120.876534581854,9.178215413463988,0.47841924139756,0.3547409463219966,17.760795640327746
45,n3000,large,3000,ElasticNet,0.35338051384314895,11110.368094926404,9.185912253082963,0.4789120982250029,0.3538004844899131,17.773734062873665
45,n3000,large,3000,PoissonGLM,0.2535604238510132,3231.711846923535,4.476923435193668,0.8484293291575287,0.4116787844489366,16.95909288005742
45,n3000,large,3000,RBF-SVR,2.9754894049838185,10293.527451295195,6.183318921046463,0.5172227800527902,0.26625769743322936,18.939440402456007
45,n3000,large,3000,RandomForest,17.946155220735818,4435.645071829301,4.976577777777778,0.7919635997880548,0.6500044590127172,13.080568500500897
45,n3000,large,3000,MLP,6.915570255368948,6366.065586557112,5.435398145802542,0.701424855529682,0.6500168093835716,13.080337709993254
45,n3000,large,3000,DIPS-PR,1043.8020842070691,1224.2858468002423,2.2053748107827937,0.9425797113442811,0.8294256403864031,9.131712682413328
