size,weight,seeds,precision_mean,precision_std,recall_mean,recall_std,f1_mean,f1_std,n_selected_mean,n_selected_std,precision_at_8_mean,recall_at_20_mean,recall_at_50_mean,mean_true_pattern_rank
n1500,large,5,0.06101134556288026,0.031727689716136986,1.0,0.0,0.1136724364959659,0.0557514346445594,161.8,77.00454532039002,0.625,0.925,1.0,8.1
n1500,medium,5,0.06441457282652582,0.028927857419191752,0.675,0.25920551691659655,0.11748396637181706,0.05191647405206437,85.8,10.709808588392232,0.45,0.625,0.675,9.598095238095237
n1500,small,5,0.028491356340214425,0.010539611754126377,0.275,0.10458250331675945,0.051624963102395116,0.019130073115396145,76.8,3.7013511046643495,0.15,0.175,0.25,20.7
n3000,large,5,0.025003603946017593,0.02144299906371191,0.975,0.055901699437494755,0.04810242674269875,0.03992800093178006,513.8,405.0360477784663,0.4,0.7,0.85,22.382142857142856
n3000,medium,5,0.057344914178772854,0.020002075600321245,0.65,0.2053959590644373,0.10528766823275242,0.036248567524050423,91.4,11.696153213770756,0.325,0.575,0.625,11.630952380952381
n3000,small,5,0.053373797108787514,0.03390257266284253,0.45,0.18957188610128875,0.09477988170950576,0.05865714731834811,81.8,33.26710086556988,0.25,0.325,0.425,21.366666666666667
n500,large,5,0.0698061023760228,0.020787895942908256,0.925,0.06846531968814579,0.12918199377640507,0.03622388348243162,115.0,39.05764969887461,0.525,0.775,0.9,11.217857142857143
n500,medium,5,0.04760528508744431,0.020987914469365244,0.475,0.2053959590644373,0.08639702435240557,0.0379637392446388,82.2,13.590437814875575,0.35,0.35,0.45,11.346666666666668
n500,small,5,0.025744028342659753,0.022216866238389258,0.175,0.14252192813739226,0.044697133284035274,0.038352938551676735,57.6,18.10524785801067,0.05,0.1,0.175,13.833333333333332
