seed,size,weight,precision,recall,f1,n_selected,n_hits,precision_at_8,recall_at_8,recall_at_20,recall_at_50,mean_true_pattern_rank
44,n3000,small,0.016260162601626018,0.25,0.030534351145038174,123.0,2.0,0.125,0.125,0.125,0.25,20.5
44,n500,medium,0.06493506493506493,0.625,0.11764705882352941,77.0,5.0,0.375,0.375,0.375,0.5,19.4
44,n1500,large,0.1038961038961039,1.0,0.18823529411764706,77.0,8.0,0.75,0.75,1.0,1.0,7.0
44,n500,large,0.07865168539325842,0.875,0.1443298969072165,89.0,7.0,0.5,0.5,0.875,0.875,7.0
44,n500,small,0.02040816326530612,0.125,0.03508771929824561,49.0,1.0,0.125,0.125,0.125,0.125,1.0
44,n3000,medium,0.05660377358490566,0.75,0.10526315789473685,106.0,6.0,0.5,0.5,0.75,0.75,6.5
44,n1500,medium,0.07368421052631578,0.875,0.13592233009708737,95.0,7.0,0.5,0.5,0.75,0.875,10.857142857142858
44,n1500,small,0.04054054054054054,0.375,0.07317073170731707,74.0,3.0,0.25,0.25,0.25,0.375,11.333333333333334
44,n3000,large,0.06201550387596899,1.0,0.1167883211678832,129.0,8.0,0.75,0.75,1.0,1.0,7.125
46,n3000,small,0.1,0.75,0.17647058823529416,60.0,6.0,0.625,0.625,0.625,0.75,11.666666666666666
46,n500,medium,0.033707865168539325,0.375,0.061855670103092786,89.0,3.0,0.375,0.375,0.375,0.375,4.0
46,n1500,large,0.041666666666666664,1.0,0.07999999999999999,192.0,8.0,0.5,0.5,0.75,1.0,10.625
46,n500,large,0.046052631578947366,0.875,0.08750000000000001,152.0,7.0,0.375,0.375,0.5,0.875,18.0
46,n500,small,0.0,0.0,0.0,48.0,0.0,0.0,0.0,0.0,0.0,
46,n3000,medium,0.0379746835443038,0.375,0.06896551724137931,79.0,3.0,0.25,0.25,0.25,0.375,10.333333333333334
46,n1500,medium,0.04040404040404041,0.5,0.07476635514018691,99.0,4.0,0.375,0.375,0.5,0.5,5.0
46,n1500,small,0.02531645569620253,0.25,0.045977011494252866,79.0,2.0,0.25,0.25,0.25,0.25,4.0
46,n3000,large,0.022099447513812154,1.0,0.043243243243243246,362.0,8.0,0.625,0.625,1.0,1.0,7.375
43,n3000,small,0.05263157894736842,0.375,0.0923076923076923,57.0,3.0,0.125,0.125,0.25,0.375,20.0
43,n500,medium,0.04838709677419355,0.375,0.0857142857142857,62.0,3.0,0.25,0.25,0.25,0.375,14.0
43,n1500,large,0.0851063829787234,1.0,0.1568627450980392,94.0,8.0,0.625,0.625,0.875,1.0,8.0
43,n500,large,0.09090909090909091,1.0,0.16666666666666669,88.0,8.0,0.625,0.625,0.75,1.0,11.75
43,n500,small,0.044444444444444446,0.25,0.07547169811320754,45.0,2.0,0.125,0.125,0.125,0.25,12.0
43,n3000,medium,0.06382978723404255,0.75,0.11764705882352941,94.0,6.0,0.25,0.25,0.75,0.75,8.5
43,n1500,medium,0.06329113924050633,0.625,0.1149425287356322,79.0,5.0,0.375,0.375,0.625,0.625,7.8
43,n1500,small,0.02631578947368421,0.25,0.04761904761904762,76.0,2.0,0.125,0.125,0.125,0.25,19.5
43,n3000,large,0.0175,0.875,0.03431372549019608,400.0,7.0,0.125,0.125,0.375,0.5,40.285714285714285
42,n3000,small,0.07142857142857142,0.5,0.125,56.0,4.0,0.375,0.375,0.375,0.5,9.0
42,n500,medium,0.07058823529411765,0.75,0.12903225806451613,85.0,6.0,0.5,0.5,0.5,0.75,13.333333333333334
42,n1500,large,0.03018867924528302,1.0,0.05860805860805861,265.0,8.0,0.625,0.625,1.0,1.0,6.5
42,n500,large,0.049079754601226995,1.0,0.09356725146198831,163.0,8.0,0.5,0.5,0.875,0.875,13.625
42,n500,small,0.011235955056179775,0.125,0.020618556701030927,89.0,1.0,0.0,0.0,0.125,0.125,18.0
42,n3000,medium,0.0875,0.875,0.15909090909090906,80.0,7.0,0.5,0.5,0.875,0.875,7.571428571428571
42,n1500,medium,0.10810810810810811,1.0,0.1951219512195122,74.0,8.0,0.875,0.875,1.0,1.0,5.0
42,n1500,small,0.036585365853658534,0.375,0.06666666666666667,82.0,3.0,0.125,0.125,0.25,0.375,17.666666666666668
42,n3000,large,0.006666666666666667,1.0,0.013245033112582783,1200.0,8.0,0.125,0.125,0.5,0.875,33.875
45,n3000,small,0.02654867256637168,0.375,0.049586776859504134,113.0,3.0,0.0,0.0,0.25,0.25,45.666666666666664
45,n500,medium,0.02040816326530612,0.25,0.037735849056603765,98.0,2.0,0.25,0.25,0.25,0.25,6.0
45,n1500,large,0.04419889502762431,1.0,0.08465608465608467,181.0,8.0,0.625,0.625,1.0,1.0,8.375
45,n500,large,0.08433734939759036,0.875,0.15384615384615385,83.0,7.0,0.625,0.625,0.875,0.875,5.714285714285714
45,n500,small,0.05263157894736842,0.375,0.0923076923076923,57.0,3.0,0.0,0.0,0.125,0.375,24.333333333333332
45,n3000,medium,0.04081632653061224,0.5,0.07547169811320753,98.0,4.0,0.125,0.125,0.25,0.375,25.25
45,n1500,medium,0.036585365853658534,0.375,0.06666666666666667,82.0,3.0,0.125,0.125,0.25,0.375,19.333333333333332
45,n1500,small,0.0136986301369863,0.125,0.024691358024691357,73.0,1.0,0.0,0.0,0.0,0.0,51.0
45,n3000,large,0.016736401673640166,1.0,0.03292181069958847,478.0,8.0,0.375,0.375,0.625,0.875,23.25
