seed,size,weight,nz,exact,strict_subset,strict_superset,partial_overlap,disjoint,exact_precision,exact_recall,r2,pseudo_r2
42,n1500,large,265,8,37,0,190,30,0.03018867924528302,1.0,0.9139506830175738,0.9261557362388593
42,n1500,medium,74,8,19,0,39,8,0.10810810810810811,1.0,0.846906813185915,0.767994611193068
42,n1500,small,82,3,20,0,51,8,0.036585365853658534,0.375,0.44383429863586554,0.38215216973263566
42,n3000,large,1200,8,94,0,1098,0,0.006666666666666667,1.0,0.9139208603787591,0.9099176769804825
42,n3000,medium,80,7,25,0,43,5,0.0875,0.875,0.8392439282458105,0.7561128807754681
42,n3000,small,56,4,28,0,23,1,0.07142857142857142,0.5,0.39119437424468195,0.3448775228226305
42,n500,large,163,8,42,0,98,15,0.049079754601226995,1.0,0.8981962103779337,0.8842791111913402
42,n500,medium,85,6,18,0,50,11,0.07058823529411765,0.75,0.6799125280541987,0.6263918667635302
42,n500,small,89,1,20,0,60,8,0.011235955056179775,0.125,0.22868716817620605,0.23877110574495763
43,n1500,large,94,8,40,0,37,9,0.0851063829787234,1.0,0.5768118487310965,0.9107995133390081
43,n1500,medium,79,5,25,0,43,6,0.06329113924050633,0.625,0.8713212563538744,0.7823571953086114
43,n1500,small,76,2,27,0,43,4,0.02631578947368421,0.25,0.49472978587852523,0.42415761486163983
43,n3000,large,400,7,84,0,309,0,0.0175,0.875,0.8474374160225965,0.9023697382814639
43,n3000,medium,94,6,33,0,49,6,0.06382978723404255,0.75,0.8223195452231052,0.7457447519681129
43,n3000,small,57,3,29,0,25,0,0.05263157894736842,0.375,0.46492443414512896,0.3940468205471054
43,n500,large,88,8,25,0,45,10,0.09090909090909091,1.0,0.957904653809197,0.9307271301508078
43,n500,medium,62,3,18,0,35,6,0.04838709677419355,0.375,0.8458965895637607,0.7222127769130557
43,n500,small,45,2,17,0,25,1,0.044444444444444446,0.25,0.30476658054996053,0.2863756519868783
44,n1500,large,77,8,25,0,38,6,0.1038961038961039,1.0,0.9585679927359204,0.9460821085072467
44,n1500,medium,95,7,40,0,43,5,0.07368421052631578,0.875,0.7725485842412205,0.7463883714400057
44,n1500,small,74,3,19,0,45,7,0.04054054054054054,0.375,0.42788521441032934,0.3496758903735515
44,n3000,large,129,8,44,0,61,16,0.06201550387596899,1.0,0.7635079551105246,0.9321329576215027
44,n3000,medium,106,6,32,0,64,4,0.05660377358490566,0.75,0.8797600438231198,0.7883608178376256
44,n3000,small,123,2,24,0,83,14,0.016260162601626018,0.25,0.48122244332217545,0.3993475386112114
44,n500,large,89,7,28,0,50,4,0.07865168539325842,0.875,0.9627765709642956,0.9590331686284441
44,n500,medium,77,5,25,0,38,9,0.06493506493506493,0.625,0.861511121261091,0.737249949265305
44,n500,small,49,1,13,0,31,4,0.02040816326530612,0.125,0.3801107146475894,0.34162176690682344
45,n1500,large,181,8,44,0,113,16,0.04419889502762431,1.0,0.9517978886492329,0.9405796104239471
45,n1500,medium,82,3,31,0,39,9,0.036585365853658534,0.375,0.8186337622387996,0.7424533264950152
45,n1500,small,73,1,22,0,47,3,0.0136986301369863,0.125,0.38888947649325634,0.370218154923857
45,n3000,large,478,8,83,0,387,0,0.016736401673640166,1.0,0.8294256403864031,0.9425797113442811
45,n3000,medium,98,4,38,0,52,4,0.04081632653061224,0.5,0.8763291800825707,0.7828558240755794
45,n3000,small,113,3,26,0,71,13,0.02654867256637168,0.375,0.4960264528576863,0.40946965012318814
45,n500,large,83,7,27,0,44,5,0.08433734939759036,0.875,0.9739044457030074,0.9532912156161069
45,n500,medium,98,2,17,0,64,15,0.02040816326530612,0.25,0.888778057164958,0.7766541911218199
45,n500,small,57,3,16,0,35,3,0.05263157894736842,0.375,0.34608235727211367,0.257195704899008
46,n1500,large,192,8,48,0,116,20,0.041666666666666664,1.0,0.9569526509399522,0.9289239250381478
46,n1500,medium,99,4,27,0,56,12,0.04040404040404041,0.5,0.8166202905405856,0.714027303130353
46,n1500,small,79,2,17,0,51,9,0.02531645569620253,0.25,0.3973731749421875,0.31583967853491
46,n3000,large,362,8,48,0,258,48,0.022099447513812154,1.0,0.7130021315799271,0.9260575072052275
46,n3000,medium,79,3,39,0,32,5,0.0379746835443038,0.375,0.8565111449644195,0.7667219289281827
46,n3000,small,60,6,19,0,33,2,0.1,0.75,0.4443677649308758,0.3700108851748005
46,n500,large,152,7,34,0,95,16,0.046052631578947366,0.875,0.930761918407685,0.9522010221852429
46,n500,medium,89,3,19,0,54,13,0.033707865168539325,0.375,0.8991145922072993,0.8189508532333492
46,n500,small,48,0,19,0,27,2,0.0,0.0,0.500340487421596,0.42021969600995246
